ABFLIZEDKDZMSDOYGKJJDXVTOUHHXGTMSILKZFZWDBQR;HJNMFMAEVMEF;1981;341
A;FGOIUHYKKPACTYYFDISI;1980;98
ACBADOMHGNKQGLAVIUJFVZM;LNNLPYQKXUVERKQALNYVZZFVZYFYUAZWRIOQVQWLYTE;2009;609
ACHZRHIZMAQESWSUQNIZZDF;EAGXASAQETOLOFFIMZPLNUDEFF;1988;222
ACPPMBVNGUMVPBPIC;QSKJAWYQYVAPJAYYAZJUSCWX;1979;502
AD;MYACZPRMAVOBNPCHBNLQHEMIGMLKMESWTPWDIKKCCKUN;2019;860
AFWYQGSZWVYTXYXPNLECEFDUVQOIADHIFVTQTVGKSL;VXRYMAVCZVWOTXQRGMFCT;2015;402
AGJCYIYGYOB;GSWGQCXKCBFALLXAWDPOOYFTNMLDHEWFNZHKXZIMQXN;1993;642
AHQF;HNZTTDLXDMRGJRSOSVXMALFUZDXSSADOIJNGSZJE;2015;259
AISSSYQYTHOMSIQSVNMNQSGNZZIIKQ;MNHRVQWWOPLQQBJDKXGZJGDQZFNXP;2010;152
AIWVM;MGBWRRONEWBTQKFKFSQDQBOPO;1979;476
AJYLQVUIZFSOAYXZILJZEGBLCAT;PZXTGFPMUSCRLDURENNLQKWHHYIPQZEVBYKTBVTPWVTTGE;1975;725
AJYPJMUOJUOGSJQTBKLWVQKAJBDWJQRGUVOANCYJMBH;QOHVOG;1978;695
AKCZRPBQ;GZSLUTCDFMCOQOZJAJVZXKXYSNKQEZXBF;1996;942
ALHTIGPQMWFONTEP;YQMHDA;2001;52
ALHVVPAANGODN;FQRZXWKTNDPBBZDRWLPHLGDYWDOFNZXQLXVKHDJ;2015;920
ALNFBQZRONMFDWGPBEPEUHGBJBVNAXRHRVUWPTSB;IAVEXUURSPAT;1984;195
ALNQYHLCIILIYUUZZBMFO;XBSUEBU;1993;249
AMLZSMLCHPNPDAOAXVUVVRJJFTRXPVDFHM;CULJNUFEOHUXPHOVVJGDCFZZTLNNNCBFEROCTFINW;1992;43
AMME;EHRULPGKOZUYWMOBCDLBOFBJEJAZSRULVQ;1978;888
ANDUSJDX;PSHTQFVZWDQDMGWSKEJMRO;1991;604
ANOROBNELLCGGJBHURUTYPPW;NQRETHXHJMBQDUBCTHTWZKKOCXJXYFZCAUYIKOILLTEUMQ;1981;932
AOBBXOPSDKFOEDUHUKLBQMFMPZBPKXSCRIBP;PTAXLOUXSHFPJFMEJCKKCZVRVOUCVWYNSZDXUSYI;1976;35
AONFJCOLNQNBUBJKBYDBH;RWHQZWSMGEZQRNXPRFTXRG;1971;761
AONOMPBZ;DETNNTVPKGYDKBYKXMGIHXGQWOWQUPNEHWLDFWMBIPQ;2013;706
AOWAXBOCTWOEUFTWWTBLXQTNSTXTEBAMPFYMXKY;YYFMJQJRXYLLCRZJELWTK;1974;82
AP;WPMEXLRQLAQBAULHSVBWZVVXEK;1981;786
APDZYJJOFM;XGOZF;1983;409
APJNYJMHZAAQVVUMBWQWRWYQWVVADSZ;FUTADMAEPYYRNZTGUZUTOBUOZV;1973;357
APQCNKLPSMPZNLSDRPUFX;LKRRLBYNXOKBQQTLCXJOUGH;1993;741
APVVZOQLBPCIMQAIQCSAYDWJBAFBQXEUXFPA;WYRHMUEEWKOHDKZH;1998;48
AQUHCBZKJVXOTTDFFKGCOVFPIRWE;JBHCPEESPPVQPSIJJLAEPAIBUZVFKUQIFAF;1984;686
AQVNOTVMVAXDYLCBKWHPL;MPYMDZUBGVQIAEGSYSJKZLMBRLPYZNLOSLRQHMMJVRWJSLM;2005;99
ARCJPDCDPLFTIQRZ;UROWZSYSGCRWTSWNNBNTRFMBNWGSCJXXFPMTBOYUP;1979;260
ARZDHQHQFNABEFBJPSXHRKCQPDRWKGCGDZZMMRIRRKWEJIELHY;QMATPJGCFSNLXSTDZMTSIKOCBLWNXPTWALIO;2006;132
ASWLFKNZWSKJMKUHMIFIQUFHEKTXPNXIKNEHDNAOKZPBWCTR;ORSAUZAGYVPPUAQNXTVBPMNDNWLSNKPMMOOPFC;2002;415
ASZMNMKCZWFFSMVKRXJUNVTOHZOYVIZCSFHGPQYVGMPOYPLJZ;BCW;2012;431
ATSWHJGDSCKJWXOKCQUMVDMWQC;LNHSGLB;1982;709
AUCLTZWSXZIMWDLHFECVIFLJZUSPROLQKNJX;GQLAKDKNFAOYZQRQIVMEDBURFWKBKRDXWPWE;2019;348
AVM;VLPOCLUPOMZBAOYDUKIEAIVCDFJSANKJCPYK;2019;590
AVQLNRDFDJXGDZQWMOE;RQSMRGQCOVJRFGTQTQGNENLQFXISDTMQOLMMGJ;1990;193
AVYPPUKVGDFBWMNGMKGAZEKPVVWGACZVJP;YJBQWVWENKRXABRFZZRNPUXZ;2001;747
AXENTCGBDBDLCYYLLFAQ;CLBRSVXRHFPV;1981;687
AXIUSXHARYEVOZNQGQB;ORJBEZAWPYZAUDWUXQLDJWJRIQAQSJRQJG;1993;442
AXVUFYQYPCHHGFMIZRCKLYHBPJJ;PINOQLUIBJGNQQLFEWIOAMGMRCEM;1993;116
AYFYFWUUZWLCJHFABT;QVGABSFQGBTBFGOAZHNPSCOLNPORDLDKENOQQYAAVWGNRJOMAA;1993;292
AYLAIXNQZLQYRBQDTWJFHCFXPFD;LIODQLNOOJGQGQHTCZGABUILSDFPTQUHWPMG;2012;172
AZSKYPPHQLHEQDHTFN;MGGIAADJPRPSOXWHVQGIPTPORXQWQFKDIKHU;2011;854
B;RRUEGFVQNQDDCMIVCV;2001;303
BADJPIRNBZAXRRZKG;NYNIIRJMAC;2010;688
BAHJQRDPPVTIZCOSKRXIX;PVAGR;2010;180
BARHCCLCEIEMKYDADRQ;IHIBIGDVYYNMPNEHZLFBJRUWL;1989;351
BAWNKXDUGWMQWHFRIWQQM;QVA;2012;704
BDIXIRMSYIBOKGWJDDMMGKTB;GXZTETGYCGBCJMUDPMFXSVDAQBGV;2016;138
BEHQYPHWI;NEJPNULELOFVJAQMIOEHDYWIAZ;1988;511
BEMRUUTPAPWQQCILUGGLCUVQSFXJFCTKVBUWWRMTA;WOSQEGZQAFQVQEPWNPRQ;1974;583
BEOUHODVZFOTKYRTUFF;PLGYUOIREIQBIZVCUJPLZSMOSKLDGFTIGPQWA;1975;711
BETTFSWVQUFKNACHWZOLTZDWTDADCSJ;GMCHNXLOYMOFLNBRTKVXWKVCOVWDHGKMUNEQLIRRCJCJAGSZKJ;2015;752
BFBVJFSYWCHECCSS;QPHGRADFID;1976;686
BFGCQYXEJHGAHXWJMSKGAPLC;DKXJFLKJWNWWFZINWTXSCJBPAWNHBSKILHSDUDSLMCRFIPQQB;2004;481
BFYFYMBTKNJKSJAQAZUPLLLGLLTWJM;LZXCJKHKMKEUMOREIUHOOZPMLKAQ;2003;99
BGEIDPMVKHOZHKDUCOMLGLTLV;SWBJIOUYMHLZCLTJUDOBFUOIW;1973;32
BGZMOZEQEWLQZOAYVUFR;MUUAJMVOXSJYA;2013;705
BITJLSFRBKDCFGZHQKVQFIFFCOTCDKSGEODAPD;SAVTFIOVUUHNBDULNKHGEXMPPDSD;1981;437
BJYXZUCHPDIZGETSCVHZXXQIRHNYBGLCZVURSLQ;QVF;2007;350
BJZEMERPPGSDKJLMRNTOJQRFS;CPSHPORVJTZOBQQ;1975;606
BLYE;VMVDSKRCQHZPGMDGCPBEOHYXUFRSVRYBFGSDETP;1997;820
BMTLAKERGWKEUPGZXNSUYKSRPQOSFOFJS;ARCHXQJDNEZQAFDSOGORPMUXKEC;1979;43
BMVWTHJSVHBXSEWQYCKWEXZPMIEXGRJX;UGOFLUIOIVOVXMRAWZSWPFNCNFYTMCFVWNRMFZGPZPOLTV;1983;369
BNBHVSEJMVYEBSMJFABGM;CQYVKMHY;1989;6
BNIEHUESBLHLPXNPOYMJEEBHDJHTJ;GLNXHOMKSIGNQHQGXATPXWLDSXUFANNEBAVSPETVUCZJMUTKXZ;1997;712
BOHDYMIGGAVYTLBR;LOLMCGVRUNCMAWFLYQRT;2011;907
BPHNQOMZSJ;PLQQHSVOMDUOJ;1996;619
BPT;ZD;1971;745
BQCOGFIYFSW;PMZWAINLTQUPQTOMOLCBWLHOBSZMWHMCLEKITSIRAGUG;2008;492
BRBYHVJHC;YJZAHNHNOF;1989;148
BRZTBHLNRZ;VFA;2000;787
BSOVEQIEZDTYNGPAOW;XVQVMWRLTOQXGGBJAVNLIH;2006;224
BSVPAH;WOWXRWUPMNXLJ;2015;410
BTNNILKGBNLYWODCJMPGEH;AHXPZWZQARVOSUWMRSWAQBOMS;1992;995
BTTNWNPHDBYTWODCLRJPRSEQWRDWSVY;VXILJVWLLFPNJZYWCPAMEVWTYGFPHIF;2017;838
BWQKFZQRFPQNLLSVZFNGUNDFFGIGJWWSEWMMEWM;PEAYCMJKWEIMIDAJ;2016;50
BXZBFHJNWIPEKPKLAYNDFDKEPQTPOQVYDYCITQAAHAT;GQKIFYC;2008;7
BYIEHHPTCZRQLO;QZGU;1986;466
BZKIQXRIPUOMXPVJMAG;XLHUNWUIPARGJSTSWCHVJIHJXE;1993;566
BZMEHAKCXXZZBF;XHBRJBPXIZPEUNUQOXKKBN;1977;929
BZMXYOSJTEQXWEVVTSHBQDVVWFIDJSMWTBVYAZUW;FQVGCEVGYEFJKNQFYWMRJUQEGWQJAPUTSJ;1993;270
C;JHUC;1987;179
CBGVZFKUAKXJWAOGDIFN;TQD;1992;25
CBHFWQBZKZMZIRKEGFOPR;WGMAYABKAXQHZXBBTTGOFA;2002;833
CCADA;XNSOSHTWIWVNEFPXDWO;1996;195
CDMGZJEIBTERRWDLCECZOTVIWLPFIBYANRAAHOAWOMXZORZG;NBUMVKTIZKXNRSDKQBVAPLUDLBEGDRHPTKWPIGF;1980;664
CFMGBODVJHOXSRPHZAAHAKIVMYPDHDNP;LOSYKCOMIELEF;1991;119
CGUADOVCLQMJV;KVQBICZOXDEJGUBZEJZJHAAGIMLGUWVGVRHDWWEQNLTDWJQSPY;1970;724
CHGYYVBMRQIIFXQL;SKBEBWJH;1998;467
CIGNNPNVJTUBMLDFSTAIEWWRPFHEVWQHDYNHAVKVRLWYLXDXYL;EIDHVJGOOTUNDWWSOJVAGSMPONXNYI;2016;795
CIGRAJYFAAZGAIGRN;FTZRAINJRUUC;2001;405
CIMLMSLEBFIIARGFMUABIZMYQPTHDMZ;VIVOWLZIVLIICZPUSSWAFKENWEM;2000;729
CIZOCKAADALLJREQ;UIKWAFKCOWUUNTFHPKDEYHOKQUWQVWTTHHHUGJZMFEUINIPB;1984;248
CJKCFGQMYHJMJTIMDSPIZHWZIZCYUCEGLMMBGYGFVTQ;WGPRPSEACCXKWVIXVFHQFAWKFDJPYEEVDGGATFIEKIXEYRFCPX;1991;299
CJYKBKPWUXRPRAIOVCWTMVGTGCMG;A;1976;964
CLRYCRKZGXTAWWKKFAEWCNNDLORFLKPDKVXOAKZHDALJAL;SXAWBTVKS;1970;37
CNMMBUUECOCPRXMYHWXPAWUWGUERBYYW;DHLVTPWXUXYCGZDEJAXFBKEIEIZQFURYLLSSCICLNJSTARXZ;1980;378
CNRUJWO;ZMRJDNSQEAFGZFLIKPDSHIGCW;2008;339
CNWGTBRYDWZBJEQHDKUNCUWVFS;NRFIRDOEJOKXZKURSPSMYGXRFXIFY;2011;903
CODFGJJBYQHLHMKDAFWE;FENFALCALWCDGNGNEQCTLGLXTPDKQEVNUT;1982;708
COPHAXRXTNCPMIORROPJGKSKILFLQNVUWAHYOYZAYDIG;XUNUJESSJDYXQMKMQPHKVWOKLKDXAYJSPD;2015;111
COZPBALWAHKTFAUXM;JIT;1996;850
CPBZONNNBXAEVLGLNGWAJTLWGJ;BMOTVWCLUOAHTGPSIWGIZUPAGTXAAIYSJMOZQMXAVYBQFM;1988;352
CPV;MIYIVCQGWAKJRFALITZZKRXSGKJDFQVJLISTARPOPRZJBG;2002;628
CQQBTLVBLHMKHFFFMSGIJSUYIWFTSTNN;JIHZLXQYAPAVIPSHVULJKZRXMZUFGZKRIYVXWCRZGIOZICG;2006;166
CQXYL;TJFRQC;1997;683
CRUPMIBACPJZSNACLMNUQNBD;FNHJZQVOXKUKYL;1976;953
CRXLSHLFTCOVNV;YYUXUWNEZQTTNYVRXUXMRFZULSLDILDWLSLUN;1978;109
CRZSWPQDBDZ;KHAWWTKGUWTZEFPXPBDRXFUTVBUUFJVGZPDF;1987;773
CSHFLDCHTYIWTWKDVSHOJXZTJLAIPRLJO;GAEUITUFSRQM;1995;293
CSODEHCLVOFJAYYIPLZSKPEXGOSLEBHCSTJPTAKNMPYN;AILYKUFWACSTKAGXGHDLLRKFSAUNNBEHJPUYMPEY;1973;649
CSVLBRFQHDDNYMUYUEOWDPEQLAIEJNNTNMOGTEQ;XCVMJJ;1994;796
CTLEG;NCAIKNSUGJQCCASDXDAZCRTVLLKFVTEZAZZC;1996;704
CVIUXOOUIBQOAFCADLPKNHZZHJWJYWVYCPXCXWDFKSMQREKJ;WUQRNKPWVZCVWIWIHLFZKGFRWSYKNAEYYXDDJMWKO;1997;765
CVOMVLEEGLKVBMHKLXESLJQJIBFA;KY;2012;631
CWDOZIQXFUGN;LWNCSSCKJNBHLPOTHAJKIGRUSXEUYQXIYXXPT;2001;880
CWIREGVU;QFJJHWECXFCOESKFKADCHWQSQTXMU;2015;330
CX;QGDEDNHIAVQBQDFQWEP;1991;128
CYTLCLPBQOVISTBOUSLSUUDAVCFLMETZGNOZPJIHVW;XESDZVAFDGIIARKQSPKAVLPNROJGH;1973;969
CZCDSZRFNYPYXZOMWPAZMWEMOGHMBM;XFKACWIXJFJBYNPRXRIGEFTMRYLEGXXEQFIVCOR;2018;885
CZJTQPCHV;JCBPRTJOIHDANM;2006;210
DB;AJYSHMDNHRMOZSYQIVSPJ;2002;63
DGQCIICENKXEAJWUYCAEHKJ;WDXAFEDKBDGEFSOVBKLYISBOEDVYSZXMJJE;1973;941
DGTKYNGKYSHOBTWFQRQVRNCOJFRWHTQSLFNWDLYVC;FLLGQWFWYLOFOIADCJRCJBPKZPGYVBDGIIDTYRQE;2010;789
DHFFBBHWLHLRW;XVUHKYGUPHNH;2006;947
DIIFDJEPE;XWYLZSPBTZSKAWLYEVVOHGPFBPDHBNBMT;1987;194
DJHCMHAZWAWYEDERVTMVRLXZZJWNFWSTJZSEGRKDAERZULK;PEFQLMCDQ;2013;782
DJIFBSYJFGAMBSUKLGWQJGJKNONXHILRKJWL;ZGUJEMFAEBAXTEFYJLOURUNBSXPRKBRCMDM;1983;907
DJOB;JTGRKPFERAYXDZNPGKSDF;1993;503
DJUEEHLFUPHQIMUPMQEQQAUFAKOMYARCAHQXKMUUBJCB;GCHJWYPFGPTQVUYNLZXITRZSNLPUDQGAG;2017;595
DKCRIWBYAC;XAAKGEQANCPSJMPPFJLANNL;1999;787
DKQSEKIHGXGOVICYKDZHAM;KJPPJORPMVEUGMWHWJE;2009;35
DLFWLVQLA;VNTLIVRAPOLPLSBQAOFZCMAUQWOHBZNLQZTIAVAPZ;2016;983
DLJGTFDXZEGWLANDWHOIZ;JLQULJUJTS;1983;859
DLRUSCTAZTCRRMVAMAOHVTTLSWMLFWNCAYHCDQBTAHIA;NPI;1972;905
DMLCKYAMANWUZBQJ;EZPLQNHXKP;2004;236
DMMADBRRMYZUFWBEC;IHIJDTTCOUHPTXJQSXOORDUUJIDXYMEDE;1981;324
DNGNVWIPJZOQAPAQIR;WUDXUIGIMAQRYBEQ;2019;940
DNXAUYSYSISDEKESOBKGOA;JQBWXLOBPEYJLDAKQIHAOFGGWOYXLMNAR;1983;849
DOBKMHXUQVUBPYJ;RCFFOVYFFKMZ;1970;460
DOGJCGMGHCEMTXOHQLYETXIEBQKDLICAZKAGBYJR;HDXKNQUTGMKNBKVAFRXRRONTLPKXWNTZHGJTILJXVHJQTU;2018;543
DOSQEKHKTTAXNT;URDAWQOLNOISGXGFJIZQJIXIVXKFLPKNHPWQVAUKZHJOLO;1988;232
DOYBVQAURPWEUSEHRPMSZBXBRQ;JENZS;2011;834
DPNIQXYOHGQEWUQPVJUGVZWOJJYUBOHMEZYPG;CVUSXTQPOMWQTOESFXXWRYAOCATPEMFCL;1980;491
DPPVYTNEVABZLQ;APHNRVNTGNRJQMVLWOBUVGHCWSRGCUIKQKEEWFWG;1987;704
DPUDBPPENJC;A;2006;616
DQGIVLQPIRQVWQQUYXPIXQIREUQAMFFSVVNT;K;1993;494
DQORGGNW;ULKTVRNMXSRRLFTNIJLUQISIP;2015;795
DQTRUIQCRQB;GMICVFDNRJIVOASBJFPRRJWPDLPFKQGXQSDVYCJJQ;1997;504
DSFPEVJGMLQTDMQBQPOCWUIYDFQPH;FVOROPIGFEF;1984;487
DSHKGRZV;HBPQKQEXOWYRVHLSUQSPZGGZVJSEYIKIKZOQHZYUZZ;1974;471
DTUASBSUYUPGDOMJHYAPBAQI;SYBVOIPNKJEOJKMJFYZRGCRCEGRCGKIJFTCUZEXPHKTFWQX;2019;693
DTWSYSJRVRWGIX;SMNMALPUSWIBUBAQVOTCAYTBTU;1992;857
DUTKLRYMKITFPKSCXLAZDHE;SZOKCTZKYVYSEJGBRJUDXPPXWAADJI;1975;656
DUUFLAOLTTUGFHRJTDOPVZDZCEEKSIIWSQZIMLLW;EXRWVTREVHHWNXSWK;1993;880
DVDDCHUJTWFTDEMDJCZNVATAMRWEENFNTZI;KLKBNKSVL;2012;75
DVDLRWAMNKYXJSXPFDLZEHBGKVYPXFSMQHI;LQLRCEZJFXCHWDDXONZMNJVLRJXRXWKDUOOERCTEE;2009;974
DVJI;RIVLBXZMFCDLQVGAGFHHFCEBRBCS;1976;138
DWCZFDEFSTNEVIEGHXQGASHPMUGHDVRTRHPNCDIWWU;TIPYYNJDTBGLVWYUZLQZTDSPVMFKUWFZVLNTUF;2005;479
DYBQYOVQAJLITBITVQTPNCMKVZSKKKBKFWXXQRGQC;HWBITZRDJOH;2015;944
DYLTQDSSXXASFPRORXFUAMLJMGXSDHLYYJFQUIIMKVGJT;TRTRC;2008;329
DZPNNGSNXLIQCHKNTGSQKNILGGMZXW;FMTITCUBU;1987;14
DZSOWNNJZAEJMFSBNVGASEPXSJNJJRSJWJBKUAZZGBWDKZ;IYRIHJQNTHKCQQYJABLFZRIXJNTLNBXAAPLONNYJY;1986;81
E;RTMWHKCZZYKV;1993;537
EACNDKUDZXWJZTXCDBJFLEQTSRZZBY;TALNHCIQKQLFUYKCUBNDWGZROYWKSWMXXHKLSJOLKQC;1987;97
EB;AYFRJDVOGXWGZTRAVCLCJLR;1991;819
ECKYJJHDEYOHDHFDQFPQAGBSCTUPPTDAIQOSUXQNE;NRVHOAJBCDINKSWEULBZNKOVEKTALOOVHTBHPFPK;1992;550
ECPPZDHEYGFPYFFNVEPGZKCDUKMYFFDXFHUAEFL;HPSESZZMILUMJDHEJKLRWPUVF;1984;595
ECQFUVLJZDADJSXHMIVKBXPQFVVZNNRCOKMPDCGVMNMKITJGNA;ZLOMFONMIHLFGTAOANSFRFRNVVKOBPLODACOYCLRZCGXUT;2011;600
ECTEXSXRJQNUS;ETVYEYAQJALZDBDRFWQEAUZHZQUEJGOLKMUTJBYXJ;1976;493
EGCGHPGFJDMOQSJQZMWPLKJLVSBAZAUAMUFG;LAGDKTUCGPEEKQBTQVXBYSVKDGGLFYDYGNCRCSHBPLPFMMMQW;1985;445
EIIA;BOHMFVCDMSRYYZVYTFOKQZVHKGIQU;2007;671
EJZSGTXTCXGTKIIJVIIFRVSVEEQKV;SIYNCCMPVTBIDAMDRWWLG;1981;703
EJZVWUTHMXNXPVMJICIXRORMRGAZFSMMXHNKYKAZS;VOJZOFAQICFNWKWWRXLZV;1995;6
EKBUZEWNOSZAJZXXNEVPUIKXFVFTCYPGZY;LMKNANRZPZUVEJIEWS;1984;69
EKFXPQQXMYNTPIOTQCVGYSUYOUSEYSAQNRYWNTTRYDL;NGHUUELFXMGEZQDNGRTNPKGGIWPZYOKLM;1991;601
EKKNLSCTWPOPABJPLIWZKBNDGPZBBX;JCWYVEFLCLGTEOSBNBFVUTGHC;1982;602
ELHBBSHCSPIAPOLBJXPDCYXQFILRAQIGIZ;PEXJDA;1983;604
EMKIMIPECEHLBTMBWNKDXYMECLSSHVKMYWJXESHOIH;UTSNUWJPPGDEEBJGSDYFOECQQN;2019;463
EMSSSQMIVPBYWESONNVULTKJJ;LOIVODQISBZIMRYRKECDQZL;2013;875
ENMUUUAQSPNZZOAQWTFVJHQEOTZMW;ZPRSSSBDIASQZQAQQDBQKWPYYVXRYXBQOX;2017;87
ENVAWRKNVPJTJRTAGCGIJUKLYIPDDLJRNGLNVZTFKWSWWOL;JUQFRXRO;1983;565
EOAZUWWCIOIKSYURGDLFIBULCNVTYJQYOSQYVPB;WMOMZRDLHZAVQIGWTAJUVZNHSTSL;2009;859
EOFVVFLLOLKGCLSSTZDORSGMSBFUKIEYEGBKQSNLGAFNG;XOBBQSBQHHZMCXTFHQQKTNSFGLVOMNMVPZABVRFIEPWH;2001;108
EONIYVQVURDIAQMSRTFGWTP;YUWKZEBCJAEDSBVQQIJQLGJYCJPKPXFL;1972;885
EOUYXPTETFGGPV;FKBRGEHPPKDLMWP;1976;657
EPZUPVFLFDQGDJ;GLW;2019;567
EQDOHSPJDGVLZMJBMWEOILEJRPKSBXEES;DD;1996;974
ERCHTQDNLYWPYV;ZLVZTAWFOVJKFEOXKYKDAOBDCDSZGCOVKQSNHGCGBAIOSRK;2016;737
ESUNOAOETEWLCSQVBECRH;G;1977;266
ESWDVSGRSRFMOAYIBEVVAPMHEFFGHVEEYSU;XCCDCKFJI;2004;84
ETE;ZVYFYTBAYPVNZTXYQLUPCYLVT;1993;73
ETONBSFIQPQNADPWZGWXNWEMGIZZ;VFVTCDSLMFJMQHSSQBFGDOALYULRZNVMHUYOXZGAAKCHHPP;2001;970
ETSGRZUIGUSNWLYRVFNKKMSDBUHVHFQTDV;HRQBBXAJEFBFHKZBPKAPBSZYSPDAAOXRAOJOTJUFSTURTJHUD;2017;398
EUMCJDQSZRRRUGIMNJ;PYIOWMNLQAEFZSIOTPXJWOC;2005;789
EUXFLGBDWJMHJGUZPEUDDFEIMOZYFRQMFOZISSCC;OVTTLNKZNQDQIAUAPWKCZXRXOPE;1993;895
EVJTFRAMUQGBDNRSMBXRVBTFGLOWFFCTUJTZQWZGGTLBH;WQBHXYEHKTUSDGZXLAEYKEXQGQ;2000;497
EVUCBWLNZTKVZCGKMIJOOHMZI;MKLLDFITZUYHGFTRMOMXUSZATFXKPAFHZDVXVO;2013;983
EVZSBUHUDVQYIHRISBHFNAEHRKSXQVJNN;AZVNMKUXJXXONSPDT;1973;168
EWDFHQRZTXVWVIBMNWCIMSPXAXTZGYQWGY;X;2004;935
EWURSBVOBDGIQQIMILVPWTYTNBSDBZXDM;FBIZMVBXYUVGMGCBUTUCZJUGOFGWKLEOUXCAT;1983;624
EXRUOJKKNCDOYJJHGFNJBBUAQKY;TRWCCYKKSUB;1999;603
EYRQQNBUCWXGLPXXRUUQETPXOEBJNRZODFAFPCS;SCFYKPVYLKUFCEJDBNIJJYCJNPPSAVNSE;1989;472
EYVFNXOUYHREWGQVDALKCMPXRHHGNGPWFGHMPZVQFLD;LOCWZ;1972;107
EZOHMIUR;COLINEIYTYMRJSCYOEIVDYHPHLJZ;1992;515
FBWPANFHDWHPQAFIPCFHVTHCRQRXRPFKCT;BDQXQKRFQNDQZSBXRCBWFBRWDQERIM;1989;507
FD;KRVKCOFDGBBGPDOXJUUYYCKI;2017;776
FDTEQXLJRIVVDAXBQVMTMCFWE;AHKUOCHSZCLVGSHYTBYUQQDIW;1994;689
FEFUEOLCPLGXCXNIHOALPEKOX;AAXIJMOMDSVNX;1979;149
FEMEXIYCXRQPWPWJFFWXV;QGDHZBBQZHCUIFVWACZ;2015;278
FESOYKMVAYQBNKSTMDEFRMTWKYLNONC;KEKGERQQLY;1988;174
FFRBNILHEGXYDJDRJCDZWJVKPZNMQCDCQWRHVPTMH;QZRGTMTUHNZBU;2014;557
FGGCGWALDEPYBNZAHQBWCCEAAPAHVSYPOHFWS;ERHSDUNASPWLBLYZFUVRVEEVLJSTOQELZXMJUQVJ;2004;101
FICQBEBAZKLEEWJYNEZRXDMFQYWOHWHRGVTZ;AY;1982;67
FIEJRQNRNAZCRFHPBJM;HSKGEXLEVGXNYDQVTYJSLLQKEHTLIAUYICCQD;1970;290
FINJDKNESMNIBVBSMAUYODGFPQ;BBNAIUBKHGVBJEFUYXFADZ;2008;925
FJCANGXFAVFXPMKRCGBRRCYENZNQAOXBGWXYG;MSMQHJAGBCCVDEVHGCPPMSJCCGRFTCZJ;1974;106
FKAPACKJHCIFXCRUVSZYYCUGWJFZPAPVEZIWLIJVYSYILPJI;QRTWLSI;1976;878
FKGMO;IIADGBDWDJJDTGPGMFJNSOWAREXGDO;2007;361
FKIXEFKIEE;PYXYHLCMXGCIXVVGBLBTCBFG;2012;971
FKKNAKNHUIFJUUZSFCFMASBBSMT;AVFEPISI;1974;452
FKSTLFTIXOSFBGDWTFKRU;CHIEWELKMNAOSI;1984;336
FLAUCCEFEEHUQTJQWZPHIWOSEWPTCDQTM;OCENYWXGEACXRWEPIIQKXRPVRCFSNUSUWECJJLCXPM;1995;911
FLDTNGGXWCUKSEPTPWMAFFIHWKEMCXZALKHUHNV;RZVMPSTKUCOAXRYDFTI;2000;490
FLDUZAJMTDXUUNGC;FACCWFORKESMUPN;1975;694
FNCY;MERQROSMTJHBNMNYRFABYF;1972;565
FNLSRJLATALHJ;EHXSMACTLGKZBBMRBASRTO;1976;772
FOJSWRQCN;KTNKYTGJPMMGVXJCNJGZUHWQQSLDZC;1977;925
FPDCIP;DBDECJJITPILYPIUUEWRGOBYXJKLUL;2006;559
FQHXRPADWTQCOTVXQZXR;EZWDCJSEQFZVOYOEZIRDEOXIQWFLXLJKQPUYRVDCHMSWMUTW;1971;197
FQMVKCJGQZYCEYMTETUYSWXVFLHIVMSJQBHWWHWPXZT;NDDFW;1999;323
FQOGQPEZTERLL;QUNOXVIFPYEHMJRKHHFVU;2011;652
FRKVBEMWYTFJYNQMGZAGBKWEKKOUXDCYNKHTOSFYTLUC;TLZQFLJNWKXGKFYLNUKBIYSPLKHJUCFUWOHZVPHJBJYOVDLN;2018;111
FRPGARLFSYMBWVGSNOLENVOVJBZGCHSLZNLQGOBAYBNFDEMQRM;JBDXFDQOVWUXPKAE;1978;435
FRUTYZGZRBJLQFVTHFRNZJBMQLGV;DQSDUIJQOEAAPVZOUCFHCXTNGRDSJUMHXCUIDMGOR;1976;848
FSRCBDZDFBEOSTFVSKREBTLJHZ;MTFBOURZHMF;2010;57
FSZXQGHVJXVZGLYVBAHMXCZYQITYBDWRX;XTZDMDKMGBWAMMIGCOJPZRINQEZTGRADNNHKSEMTVYINF;1975;6
FT;NXABRLLATTOLJJBD;1986;951
FTANJKLDQJXZQ;LKSDGISXCBWGSPBAUSADBLYXBEDCKMJCPGKYSSKCHXH;1983;197
FTWAYPDRGQJHJAZOBJIIZNDYQTOLD;LPBPQBPTLKFEAPNDIPTWRLZKCSQPHMSFYIYXHQIWM;1989;953
FWHAKVGNJUBSNPGZJRBDMIZUFRNOFTJRQ;FEKCUEEHHOVMIJBDZCQOHAMBCGSCZAEUUVOMVYD;1997;806
FWUQBYSRTFWPOYQEDIUMVEFMNSGXCZRDUUNAQXKFXIN;ZGGFKOQREZGCTQIQOFQFQTS;2009;733
FWVACGTXYQQIQQYDFDCVOFMAFZDNTOSDJKI;QDFP;2016;800
FYZTQSCJXKOEGVWQCVHOKYNPLWKFJ;NLOTQQWSXMNUIYXDHQJJNBPNNJJVLTLQWCJPIHLFIALI;2000;603
FZIPNOOUQ;IPHCAFVTQAVADJJSKBJSMYKBHYLZFQYGFTCWTCDQCJGUD;2018;588
FZPNYEFBPUPSFANJAHRJPSHXUPMTEFOYMGPGUOUKJV;SEHCZXMIEMCAQPOILYODKMN;2013;400
G;HQPJTULN;1996;432
GAOROQGLVDCVRPRFUXVGXXTGXMAABRNJ;XQZAYMLUAGEMGOPLIXEZLERUABJHTHFFMORXBSAUB;1998;284
GBEHWBWYGXRIMPCOTQVTRQFRCUOPYUR;YRZZLVAQZYORPTHPBKIUEADUSCKAPHYFYSVMA;1975;534
GBFYFWVZIKWANVNGDFYF;CSNYJQNYDEYIR;2005;504
GBXHDNEYRSUWNFLHBNGFZLNRJFAOXGCOSGQJYIUF;NBRHKCIA;1996;222
GCLNYYVMTAHGOLOMIRQJJZJHZIKPPSYURTDINRLQVTLCMWMSFG;AZIVNRQORXEKVOXIEYVLGAZIABPMVYNEHJFK;2009;923
GGFLONBTG;RPFDHU;2012;538
GGOEWVRXBWYSZBLQGPW;EJJRBZHR;1977;295
GHMFBMVKLSQFUBVXCTEPVMLJOHZXXOOLNVLAYGUOKQDAU;LLOQZHLTMGTUJDCUUGNROTLOTCPBNYFHEJEGCMFPTQMV;1998;820
GHVLDDWSZBMCPGQWTEYCDVB;LPUBGATFEKNRALNLGC;2008;529
GIRXPOXOXQFQSRZ;OWGTXPMHGBTLWOMAJLSPEB;1989;388
GJCMHXLHASQKAUQLNFHGGTAGRNFFMNPINWLEXRQX;SHAKGDVHCFMCEZ;2017;273
GJSJTAKZRSOSYQHQUHKJCJYUGTEDOGFURKXIYQUFOTIAJMW;LUJQVNFJXXVKCZFKZZJQNAQPOH;2015;630
GKGXAPVWBNUHYMEA;TJPZHZTQHVNSJBJULUSJTYYNQGPYSVALZDFEDGAUFC;2004;695
GKMNNUDPWIYVILTM;OTPEOFTESJIIQVGUAGQ;1985;205
GKZHTIQTXGIOSGEEQDBCZPDDBATTYUVIDXJODXVIPPWESKZA;BKH;2005;841
GLKCTGAVRYGKJNHZQNXNTTIHVNIOGBJ;WQQYPFIIYZUROCACWEPXEJXXFVJ;2010;559
GLMDVKAUF;ZRREC;1981;182
GMTNBLTSXBEBEAYRGRGKTPIUBPEKJCOTCHRPGWL;DEQQZERTPPSOLWN;2013;29
GOPQUYFZDBNCBMYAATFQNVYGWFLOBRDIRGQNZSICXPEQBVTCB;KQZFJSSIBWONWDPZNHRUOUVMHRJVKDOFHDTYPLZNF;1981;877
GPXUTVCCEPMNOQSGYLGJ;QHEOUDDJETHWMGWM;2018;712
GPZBLDUETMFQWBVOGCLBNDZVAGRKLEVGE;IGTYWTMIRYHSWDQZQQCBYNAFGFGALPRIHOVVJR;1996;221
GPZNVZKFBVIXMLMZHEGCIYZVRTAOBJUHQDZDASGSPIFHCD;GZUSEHKPWQSTTKYZSSWUXMFXGZEFFEGLUNWZPKVXHVZFOSER;2016;461
GRALKZQYUHSJLTWJCCHQSNPRWFRUFCEV;LWZZFHMZCIILFUQWKMCXIBPPKQXPY;1983;356
GSGQHLZYWLZCRRDVEWQKBNSZLSGSVQYDJN;BTMLW;2000;887
GSPDIMCROYNPKLRPWQPLJZWKF;SVFWVGTAPQMUWCQCDRWIHPDB;2006;506
GTLZAPBVOSPELNNQXARGFXVUQJOYRVEUQNNAMEEXBAEBCISVM;SZVJZTR;2011;915
GTQCC;QVGMXQYVEXWRXXMMIXXFRXRWYL;2016;987
GTXQUIJSCHWORDGVTVPYEHWLYFK;UDBTZTQPLOEGYRLBFVAFNRWAXATGVBVX;1971;683
GUVOGCDOGJFVRLVHQHRMBFTGVXSXEUOIJSQXNFVSNJP;RUABLOGGLPHJMPRVRQOOMZILXZZRKPOMQARJSOEVUTQGLIRYAA;2016;740
GVDYEIAJQJJFXGXZXXVAFZPEIEWAZLNHJKKCCWTFNVBCXFD;YYGOOSYZYHT;2012;39
GVTCKLASUOVPTQRJRSJUUCEIINTAQWCERAZNBDOHO;FYNZVYUOOLKQCDMBSTKNQLIJKBTIOATDJIREOUPHQGNZNXWQ;1986;880
GXHNQMGNZ;VLQMRSZVSSCPWJDTANMJJTHEA;1995;376
HC;UWNJLJCDSBHCKRMH;2009;325
HEGZBPEPRWSYETHBYBFLTNCVLZR;VBFEPNXSFS;1989;737
HFURKOOEKIBWAYEGBOMBB;QCQMXCYCYKWJR;1978;662
HHEVOOKFPDEQKOHKTE;DAKGVQXHGKASGYRKPCZG;1991;628
HHFOBGYWCVHKTDOXQTEKIWWURZBLMLDLFIBDVEMUNNLXUBYKVV;NHXB;2018;769
HHYFFUVKOUKDWJCVXQGLSCHJAGQUEHPNHKYCPMJTGLUDHR;I;1987;40
HHZDGJQBZGECTWWBSBKLDMTICAIADPUKPMDBDJWSKS;NWLAPUHJODNPTTKMDFHFASFNQFIPEBRSNCNWMVJVLQIF;1977;737
HINLEKIBFMIDCPZDYXLUOMRMROQIQUCPKDU;ONSIISUXZQLVDGVPRAEORKQOZFUZ;2012;753
HITQOMFLNOZOCGCWKWIDMVOCHZFFTHRNKOINVKTOPNGDWMZ;WQAWLMBTFIRNBNGFTFSTXDLFICHESPAK;2018;924
HJMWU;WDYSBJ;2013;168
HJZIYB;WXCMR;1981;757
HKOMAMSXSLUDYSQTGDEDGJXRUVASVYLREMMPCYUIHZGMVQXROI;AQZUPOXQKBFLUIZXBKDOIRY;1996;124
HKQNKTTIQFYRHDSGEUEIVKRNEZUMCIRZFQXOZFCUHCNSCQKCJ;XKHALPUKJRMGSXOCKDRAAUACXKPMRFLSPDLQKEWYQJFTFWAHGQ;2002;388
HKTCGZINIGLVSXPJSILNWAXYNUR;YTSQCAIUEGHGAOZPEMPIPYLJOTMFCUMELCFXTUZOAI;2003;77
HLEDLNJGETIGJVOJVDGNRTXQVETZFIMIHWNG;QUGYJPMVEFLXRHIAONQZVIFWIAXJCO;1970;682
HLWSUSVCOZRVVXUELKCDL;ENDAQA;2006;625
HMBHRWVPX;HCRRLOGBHBQWHZGTOLUCJHQNSIYMME;1995;437
HMUJCNYMWPLIKGFNBSKFSKZSROMSDYPQVVUYVWYML;XGYGCHCDRYCCELRAYRTGVMIHHAEWFBDRKWOJPPWOZBHBBXNW;1996;472
HMURSLIEPTSXBRUUFQJVTVJRYJHAVLJNIKWMXJEBRTQF;SKIZJK;2004;815
HNQGXYEIDWCEW;KRCZFAJHYIQANFKTWM;1987;99
HOHDZMTYTODUR;WHQACGXJWEVQGF;1992;87
HOHVETJEDBJPAHGZTEZSBCVLGNE;EVMIDMRPBHEPWGDMEZXCDPTWOKIIOXHOPMTRBQBPDI;1972;949
HOJLCEKTMECJJTANFDJJBAZS;LZVNGDHSFTCZZZ;1998;892
HOZMDVFGOIQ;HXMABKREOCNHVWKZNPDOVCHZJJYUMOABAWEHENJ;1996;259
HRDRUNNLUMJNWJLDUMLIALAVL;XQP;1991;231
HRYCQXEYXKOYXAGWNILYGIYJHISEDOLMIEBWAPQVSCUIKT;XCKNIXFEIPBNYSEDYH;2013;133
HTECPJOKKBBAFVIQRVTMBSRGEXAEAGWIHTIENBIPFMG;UEIHEDJJC;1981;663
HVDOHKDGXJDCQCGNWQCJYZMRCQMV;VNZKMHRIOYEGWHIZCKY;2002;855
HVFEWLICDPQROMVUTBXUJQYYOKC;LYGYEHEF;2015;234
HVNLCHQKMWEZRTEXZLICHQZGAHCKYHZGECAGSQM;DKHGYAVKPQBRMLAZUEPMQLXIWMFSHSLTJU;2013;712
HXAKUGPNPRQYZMNTPJK;HHTBELOGJY;2013;914
HXGLUYRYEJDJJOVCNHLVMKRBKPRJYOSSPXZA;FMRBBLQWCWTLLKORCOPYILTFKLZJOTYOZIMGYSNBMGK;1999;10
HXRBNB;OFGLFMJXBMTHZBOOXO;2011;940
HXTGYBVMAJEYFAXEGSEIJIKCMDUCLAAIOISSISIY;OVENFVOCIKQJTXGVENKSPPWWP;1997;638
HYGBWYGOIGNXHRMKEOZMWSIWHFLHQPALDVGWXB;UXDEKLPLWYTHFWIQMGFSMZESBYHCIG;1975;246
IAAEIEMR;YAADXBTPJFHMMFGTHKJHBEZBCMBSBUEWKXZQTOLHCIFREY;2017;919
IAIST;OIMMQSZMSRZQPMADDCVHINJJDFYWRWSDAGMVYQHTQWF;2002;884
IBXGRJVMAGPDNOFGRSWGYQNMXBQKNAV;MXXCRYEIZVDCIKRPRLGVYXLLAQIDIZIMYOKGAOCWVWAJRORCJ;2013;433
IDGDPHKVEXBSZTRINTJAPPSXGTYKUQATMJCRVB;CJDZLQUODWMUW;2000;669
IDKGGBOWNXOPGKWQXYOYVVNTQLLHOLMXJBOJIKD;DVIZBKVHSAPBBKDYCJUZQBPZPTOUGKZUWUGYSOWPPNFWFZWK;2004;120
IDTKOXZECW;SJNNNXWNUUKKHGVWLLYJPVHMNZDHEYSPKJS;1975;925
IFMYELEMGTU;ZXBHFMYFBUUSCGBTRABPTZADBZJHTBJTLAZOALUBTQK;2009;63
IFZDPOHCGUBK;ESIDRNWWTQKDOZFPKDUU;1998;282
IGJPTORRJLEHTCSKQNRS;KYQO;2006;251
IGPIIZDYWDDOTKQSOJPESJTMLPTTIUFVWGNACRMHP;YVPTXEYQCPIYC;2002;161
IHGGFYUKJFTKPLPEUQXKIQVJMFZLWYVCYRMPCEMLZCQKMS;NPELIZUGHIAQYZLEFHOTYTWYMLUEAILQTTIEJNAE;1996;56
IIS;UJBHAZWBBQHDGOFWYRXVEWJYBBRKKSKBIXNGY;1988;628
IISHKSCNYJJD;UZXAQSZUCLAHBHEJVDUZENF;1989;940
IJGLTSSNDPSKOWVZGLPWNLYDTTJQJFRTASFBGHFVNJJ;KYFHXZKSPAPPLAIF;2006;138
IJZBZYOMZWSXVDUPVNQLYYURTTPTCAGFIVHRFOMIDTWRXMTLEZ;NMWFPLDHBFBNDTY;2008;954
ILCRQCUOAOJ;WBZKRNFNFFF;1982;622
ILCUMOWZGZAWYXIEZQXOFMXHKEN;CSNSXSEVCGJZNJCEKYIMQQKS;1986;535
ILPOXBIPWWEGHTFIQJQKBNJHXDKUNEBQG;TLKQWWOWRQEATQBM;1998;278
ILQJOEV;ALWUIUZTEYCTMUIFEFYGAIAIOIIEDBYWRGRTDXVDKOCSAEHF;1972;225
IMEAXRQECCKYTSKUAKGFGXLDTISBCTK;HLOJKOOVIMIHZJMTXOZUXLYBGXYUPQUBLBCSNCOFMNIMZCA;2012;853
IMMGRKMJFSMQI;BVCENMBWRJXAL;2000;205
IMSRDE;RWEPKZWWLZHWTPPQEJFOKQPWAGYEKWFQNWQGMXITOE;1990;243
INJLCENEFTCGWDODGTNLROVYVJKGQ;GQKRYDOARPHPDEG;2010;611
INPRLOGJXTIEJRIWXDBPUWIGBZIBLFONSMNTSMAJPVYLXVFXQ;IZJG;1972;519
INWYSLVXZBMCVLMXOBKKR;FVBF;1979;343
IPKXJOSBXWGZCYQNRMMBWXEEUBCRTZW;TWPPUDMVXWNTPTSOEOHZBTORWZYGCVFJUMAGVDJHJJFA;2002;95
IQKYASZYOMHZZVSFKEPRENFWUNDOYVHGJLPOSOZHJKXCNTLOW;FFFPONPUSYILB;2004;803
ISEFKTSNSNVCLWKNCGFNFPWBLZYZST;NGOCVZL;2006;799
ITWUPLLMFMYXRMOYOTPTUAFOEIWRQPLKZNZUBNYHGSPGE;FFMXHUCLZNXO;2007;332
IUQJOLWMBWOXQNTZQMOCQTKMIB;AKCYWEWYXJKMDURDYIGLAXQXINVZGRR;1971;442
IUYZGO;XZHTRRJYVWVRIIRMDJIIFCHLBUFWODMTIQIPDFUKECYQNEGMG;1986;10
IWKDQGF;OJBAMAOWGHCSKUHXNGVGXTDDSFQSAZYQQEOBAJCOCZNV;2019;671
IWQYCHZLILNQL;AXGUBQXGOBHGKFCASJSQZEUQHOZAM;2005;356
IXVYVPJSIQVTIMRNJLSJELXMSESUTWCWVARZSZ;IJWYXGIPXLSNZILZJDGGOGSDDXOQXMT;1974;482
IYORNHYRTUYCZCGMIUICPWLYDUKJBRKMZPYAA;IKNDGTSGUSFSTMRXTYQATQAWL;1999;604
IYPJPXFSZRLY;GBWHJKFUWQQRBZWXFMIIANWUPMELFEWYAAPM;1975;411
IZBUQFHBEDQQCDSQTPMJSYAPMSNIQXLUFODY;MAYMAGOHJZIFFYXHXMMYMNBXRDHJNGJVEPAOANMVSPNW;2012;147
IZUBLB;SNSIIMBMTJSTPVRJUFSIKDVWY;1990;74
JACQHNWDAGNVXESFRFIEFAABRADQEELKPKE;ARUHIIBUJOPGRQNPIUGKDQTES;1986;905
JAS;IPFIMUNEZPQA;1987;50
JBABBAMUZIYPSEAPZ;UVGALCPWKOVMFJCRJFISJYJTKHUXUIFULNUQLTLXRRLJ;2002;331
JBFAHPVMGBIMYJQDDNQJGT;SZVFFIAJWFECYXMFDIHVAUPWJZCGIJQ;1990;508
JBLWHAAMBVLKFIPIBBDEYEKHSUQE;RXWDUUVMTIXNMKAHBEZYCGUKATNSVIQ;1976;26
JBQDJMLWK;SUFCPFJTPEOY;2019;536
JBUO;IYDQCUDARGPKSCPO;1993;100
JBVCBJTSDJOPFOKRRLJBRXIHNSLOIXXJLWLAQ;LOZMQWFIJGYJTPPGBXCINFXSFYQWTZJCF;2010;913
JDHIOUCEGQBOYMSZ;KASCBVPXRDISXSA;1974;38
JDHVBXXURRSRCMQJKLGOBMLXNI;TDNTMKTZUVYKEKRLONUPXUTJMISCRNDIDHAUXOENLN;1980;192
JEGEECKPSRCPCIWKVTHBWGEXHUNRMPNCKP;IVYSIOTHWIP;1972;312
JEJTGLAOBYJEMPYK;DGXWZPEEL;2003;919
JFEHPRGZWRXTPDNDWVNQRBHENVLGQW;HOJZSXEBCJZKH;1991;331
JFWEHYJYVDNUQBZLLZKJHKPRMLBTPKIRZRCYO;WORGVZOWCVREQVLPDES;1974;140
JGRXTZDSYVUVXLQMTFOXNGHNJZWJLPIYJLWFKVHWVAHRGQT;CWNKGLYFOPLNOWLAOWNJMIDVTJBDAEXXVVJTDCGBOKCHB;2006;510
JHRBTMDHNOYQS;ZKUURCQQUKQEUDYWKQ;2013;44
JHWCUBWTJAJUORVRIJXH;NZBNBPWNAWNUPDNTIFMYTHCVD;1993;225
JIOFTWWTEESJOPERGYAK;GFQBEFEMJGBZYUNXJILGJHOISQYQRFHXEGIXJJEQCESXCWSM;2018;195
JJAMPEYQKCTNCRVIRNWFUHDBEXBZNJ;LG;1985;652
JJYNOZKLZNSIBBISWPZHTTUDSVYNIEZTYHLBDHLPWVLHUSU;JCPERRABYSBXJSAL;1992;307
JKSKBJZNKDZFHN;ZZMLKEAZISHHVXDIDMSOAMVR;2019;475
JKUXJX;QMTHFXLSQVARXAUYTANXOJDCSFQOIDJILUHLOSUWHGMGI;1993;751
JKYZSQZKEGYCFRHJHPTUF;XYBANEXNWREIFQDFQVQIALSOIYTGDULYFOBDDPNATJQJYARDBF;1990;317
JM;OPKYJAEHZVNMTRFEGJFCNSNUYJNFLOTTLIYHW;1996;410
JNAXKDOUXWYZSAXXLIDKQOFGHFDJKBXTRVYH;PFLHJNSTYLQZGLMFRQQMGMVHLPPHEVTGPHUCB;2010;372
JNEHYYCIVWJCJOHIYBZOWAVC;CMQBXBUTDQBNIOMPRAFXRUJAVVBTIJXTWQDW;1996;502
JNXGVURQNBP;AGXUAL;1971;290
JORAWURHJOPPN;KUKAHMLIVZAPROTLQDIUOEEYKIQZAHFAVZZRFRZZEMIYZVOBXU;1988;242
JOWRPXLWPOQTOB;PUEZOGAJUKQHHA;2011;875
JOYTBUNW;HDPAXFIBCXABPDMTTANBPCKWKUEWPUDNQ;2005;94
JPPQHQ;UWGWFJYKLECASCNJQYIRAGFTVQRMZTFVHLTDJWUUIDITOMAO;2009;202
JPTEBWAQTORWAIXBYDVFYFXDEXID;KWITK;2009;991
JRHIWZWXZABANZLRQHLQKYSMROYKKBHGOQZSSFN;DTQFAKEGVNRPAEHLNXMUYSDKGQWWMWWVDJKBNRTQAVHD;1987;17
JRYLEDHUFHW;FRAZZAODGGXWWBTJQUJRMCDPO;2008;341
JSUPQIUEFB;KONEBCWLRQHXOQJPABYOGPKMTDLVXRV;1973;200
JSZNGK;GBNYMEPBMJYVQWSWSKL;2000;91
JTANGFUFUOEBHEETEUDDIZXYTMZDYK;MRYDTLZDVIACDSNMINQPBCPEBXUGBLHDFSJWU;1975;868
JTJRVIWIDVXEJNFHSSJKMXST;JTOHIMETGCCPDGPCDMNIRGYCYWSNWOJ;1993;377
JTPPHCSWIILCJTMAF;KKFSUVRT;1993;768
JUSOEXDICKJCHFHUNPLRODUBZKMJLUNZ;MJSUDO;1977;265
JVFIQHIOCWFDSLYWIKDFEXTZJRPWWUB;HEPNHGWBWM;2004;696
JWUB;AZPKQJG;2004;194
JXQTOXKHUMXOMRVZPJKETDATZNPFI;DRMZIHLSNGGYGDTSEVWBO;2004;711
JYLXFHFFVMBPHMPKBLPSBAGDKEPGWSUKHNCJRLPWACRTDYIXCE;TXUSKACOMHHOVCRIUWZPHJMWKWSKAFEB;2014;249
JYUCICJNRPTULTNWRTMVUTWIJYRELVNEXAYNBNNFXZHC;OSXDWNCOJJIC;1999;442
KB;GFIVQK;1991;394
KCFFSRBVXZKHFEZROCJUBINUINRBNPJDPDILRGOGHJCIO;WPOFFTNTISNMPZFTA;1986;914
KCPTHGQKBCOXELQJLFTLLIPIUIVQPMORWIWKIUSK;SZSDDBZYPAWSESKQSXLRL;1980;114
KDKIIIWTKBTCDDVNTYIQNGLAGVWBJYJSYWXWXQQRXSJ;FTHZTNIXAU;1998;287
KDREMEHYUTZTBGVPSHJCDRKPENNUZPLQIWTNC;WPJHVTKWNEOGWSZVP;2000;733
KGJWGDMGBSEIMQZVG;LBCERYEOSETTKJWNGDOVLVSJUUTBO;1987;184
KHWVVFHILGBXZEBZVXRJHWBEOKRNEVWD;LCXYAYVDBYH;1983;973
KHYPHBJYKRMUCMCHXGBFBKLKEMUAPMOTRIUYROIQGGCLENYELQ;KMZAXULLIIVJUSV;1971;478
KIYCZTMIVAACEVFUABUXWYMXIWTAWLCKMPATHUAORSGAPJ;KYSMYZVLVN;1995;329
KJMKNZ;QQQEGDXMECJZBLEFWDBRYNRPVJGPURGFSYSIDVCATHMVXXZRJP;1973;806
KKIGJMXQRBAZLPDEVPEZPBWSH;VJAFZZKQTAXJLRBRU;1979;993
KLHEWCOOKDJABIITHEMRXVJ;FDSZNWJZVPUIXWQTSSJHUWMTRTUJFCHFIARMP;1984;815
KNIEZP;QYLOZJGFEGIJZAHQVRHLPWKYAFHAA;1991;757
KNPSNGGYUPJDFLNVHROVXRNKAEGQESEKMJCNRLPBS;OZCHMPCX;2011;685
KOERULCNJUGVOKYWHPJYMVEF;GOCLRWFILDFITHHFVPAKDFBSZJYLKEUNZBIZ;1983;765
KOFJJJJRJUUURRYCHYIVIFYAXLHWABBSWJDYSEJWSWZSLXVYIL;SFJNYUCTKFZBLTINMZBKJYLQWJIAM;1974;483
KOGMZEWLZVVZ;BRFIAAVYFMIBCODWBTUATJNDYUZIGDLJP;2012;155
KPISBNUYFWSHNLKHBESHTGHUFMLIJNIJB;LVTNRJCUJUNJOICPUXAMBZWOCEBOKM;1975;196
KPTSQVPIAWFEFLVUKNOJKDRYUUHTOE;UUXEOSDNTISCYZKENFYVCSTUIFTQHXCKSOOESOREJGDEO;1999;326
KPTWRLGWZCHMOZIMNZUDBCKTMKGMSFT;SCTXAZRTFQMBADNAOSZWSQVDMYXPQCSHGYDQGDS;1978;745
KPXMJVRHFEVCYOYKXRQFTWTWEDDVLQJCUJ;CFTHUZIAVUHDBNHHYRHTASDFOHOBAXVGMFAVJUCZV;1999;988
KQQWJ;TAIGNVGNQSVCQZFNTSTQEPVXPESDARFKUEJQWJHTEBQZBJPT;2017;342
KQTDFZXFFVABQQJWDXQJDWFUGGHBKIQCDJ;UTOPWKWQFXDSUFV;2005;181
KQYIBPJAXZYJDAKUEXKLGZRNIWKYRVMJZUF;UZFLXDT;2018;28
KROLJEJDFYIMDKKDYCVIWDXJLIZYNOAY;OHQAMFCPNIDSPPAMBSGILTSBGKRWNFHJRHYITQZKKSBTUSYG;1994;617
KRPCJ;BJSGKUOUMMSALPFVMXANTZCMFEDADLPGTZCJBKDWLFAAOKVIBJ;2002;736
KSHGOEZYZMCAGZNTTXSOPYKFBQOGISFN;NNHAADJICIOUESYAUPFFQYDRPRYGLNLQCRT;2017;565
KUJIDZCVXKVQBNFOVQGUBVTDGMLIKGAWYYDQOSSQKOCHK;LSSLEJPQWWWHJOQUCRONYQSHWXWF;2016;804
KVDUAGAOKCCBBMQAZKYVRPTMCETYOPU;LUMOIYVHVKCTXSKIHGBZCVFBEOJZIVIS;1985;378
KXLBNVMDWSYXHGSCZHYJGDFGNWFPDTLK;JJFY;1996;407
KXYEHHDLLOKWXBJDJVAXAFTCZMSUXQ;OOTFGYWXWBITMDPBEYOSBUEGO;1984;482
KYFMYMZ;RHKBBAMIKXBFEFNSGTIBUETUPWFFFGOOEWYUHVWUVTJV;2000;956
KZAHLRXD;VKSVO;1973;57
KZYLXSHHAWLKBGTGIEFLQCBUWDCNZG;BBWGYLQBFCSKUZAPJQVAADKFNRQJC;1970;530
LAITVYCI;MPARMJDSPXYWXERFTZLKORIEBSUPCPXCJWKUVEERE;2007;122
LAMA;KJXKNBQXYHDUFRKMYPK;1997;692
LBRWWMEKLXVDIQIRHPDOAZKDZQFWVAX;YTOMLSLDYHEQCTUYREIALUGDACG;2005;878
LCJRFDIXDLJ;AFASLHYLRJLTXCYCJZGCYUEFSVLAUCJPXISYRLVAXDOK;1999;236
LCKCMVDJUJREQHWJGZHYWTOSLBXWOZOPCCJBZOAYLTQL;OHGONCLKIYBCIGQZUBSZJF;2010;151
LCTZCKQJJDYXWBBJTXKEWAUE;WTMAAVFPMJQAYYLWQBOQRKA;1999;33
LCVAHRZDACZVRFJCSZOVHYIYVXO;TCYLEYEYFMS;1998;518
LCWICCQVISLFAHORY;VYZWKBVTSGSBLTHRIDMUZPMPPDAM;2014;789
LDXHSPRNGSOQDJFQTEXYRWIZZOEOWAQEZDLMWAFCOZV;XAAGIBPVTXDONPEASHNROHUVO;1996;815
LEAQEUTQMQGPYVBLPAGPWEUJHRWNTWPRES;SCAJLNVNSLMGUSTKIMWAGNVHILRAQAU;1972;26
LEVMD;TPCXYCJLLUNJVHNDYTTWOJXQKDGOEMPXGFUAJ;2014;87
LGILLCXLPPXASMOPNILIJZSBVT;Z;1974;393
LGOTAXSZXFFWBABUXBTCVNAUCYRPCEMVMDVYBLYRFY;ZKFTQUIXREHFXGULPMDYZVKXNTEI;1970;46
LHJJOBKGRIRMLRKIYFSSAOSHOZZYHYTZBKOKMBWDNM;PUQDUMHA;2018;471
LIZTBVEUAOODTMEYJHTDCTUUWQDZEVXLFFC;HMMCNTEZKMQKWKDNURGNJSRJJCFNKAPLZNOWGNDL;1999;343
LKFTNKIKNAIWPWKNDTYKTAZGNJOGLZJQAESAUVR;OEJOBUOSJQBRYNJMBASLKWDAUWXYGKGXGJMNFMOQHOJ;2009;710
LKMNJGCRBIOYHDOBNXPWDBPBHLNNPEGBEOIIVALOFWW;HSJRQPRXNTMLQ;2006;618
LL;QHEENHZJAUWLU;1997;139
LLUOYCNH;XGBNMNGYJVVWTABKTYBJRKXMCWAFU;2002;654
LMEAMDQHJRGTSOYEXFFNGBJPJERRTJZONAPDML;JTATCMEJLAXCGWOUCDSZUVGKKCQLJUUPRLIUZFWAFTY;2007;510
LMJRYXNAXYGVSAODKYHWJCKIZR;FOWUFFJOVBOEXLW;1991;761
LP;VMR;1976;101
LPXBFJKJIMHHQDBGAXH;TOEJXZWCJXUIJPSFBAXZAKOPTPAHCUUXWFQFX;2019;470
LQCEIBCTHPLHTMZZTEVHZXTOGOGKQSUBPZMMXLXLFLYTBA;VCBRUQRNXOGCWI;1989;486
LQTZZRB;ECATMJDVMAJKPVUNLGCBNWWV;2008;42
LRBWKYKGNWVLB;RHEAQRDNARBSVXEUTCZZWIBOWHGCXSKFUUBURU;1972;667
LTDAZSFBLENMPZTVVIJVFNZPKPDEPXRW;JLZKOHFVDTHVBDOKQVGK;1978;29
LTJYLGOCTMJQGAYFIDICEXBBZT;YEDSGMRIMUYWFXIUPJG;1971;190
LULJRRZELGKECYSMRLXKWQUQBKKZOFVUCXPUWI;KYYOMYJN;1998;96
LVLITWUBNSPBMEWWHGPMP;MDIUXEMXBZY;2000;442
LWHMPXSGVU;PUBTJZCKTQFMKSWIJJBUIRZRWHHMFKLHWHYFLWUXTWD;1994;664
LWJMVFWCZIHOAT;UBFHWVRTBUSCDFEAHSWAPJHYRUCRIHFFWKNXMNOTUFKEQNB;2001;412
LWKD;JQDMYQPWSCGTROLSDQBDFEKAZI;1996;728
LWOIKCZGBZZCZNKFWNWGGYBZMCFBSRCKYOBYEVSSDV;PRUWYEOPYVCJLNEHHQGYXQ;1999;545
LXAMXEL;FHMBWLEKTYKWVHMERJYIAAMPMD;2015;715
LXROQMTHQG;ZWPALZSYPYDTXWEOXG;1974;803
LXWMEIHVPHBA;ZIEHOWKJSCUEVZNWRCNUHKMQLFYBG;1992;20
LXXESWZLQCBJSWIAFDLOOTHLKJUPIIBLZPYUFW;VNIIBRNQMTOCRAUOJKAITMOQUYM;2008;984
LYHDYAYFPNKRERJRULIWUISGWDZSMDCZKORXMGXACFC;DXNTVMLVDVAXGUQQEGBCYEXLSAUKQY;2013;418
LYZVQNKCXEKJQZVUESWQKNZPYVYSDKHSOICMHCZOHEFNASLXW;KWKBBWVNAKWVVDYCXCZOZQIWORVPWKOQMQHC;1970;48
LZBGIQDSCWTSBXX;WEBG;1984;830
MAJDDNNI;JTOQRHPKSMKFOQVEQFFMOVDDPIK;1977;102
MATYLOE;BREOICKYBOWQXRWWBSHEMCISGXRJWDRENVQOTVQLDDPDO;1990;586
MAWDSXCQNKEPFJJCRG;MENESEZCHMYSFQKBXIFFTTQGOJEGDEGMACUMGVXQYZDWRISGSR;1975;208
MCCOCBKIMSCAZGH;YZDGWLGODFUORTKVUNHVNKFIVVXXABLMNBLWDOOU;2006;500
MCZADTFWJWWIGQLSGACNAZEOJBDCHQ;HNJJNUARCAIRCWGNYGYAFTHUBDFGOFOGCPNMDLFNNUGDN;1992;304
MDTEUPWUIFORPAGVNI;SHGYZKXYNECNCPEQRXE;2009;479
MEODATJTUIFJUILCFGABOQICMUKIYFUUTGGJMCFJXQE;NQXZFLPHNZKTGNAUABJUTGVRZRBHFPKOSLPNPI;2008;585
MGH;HAYI;1996;980
MGV;LOXNWUEEOSIUUPSZLXKYFRLL;2002;495
MHNUJPXSEFYUTXRZMCDQYVLTQFYRXHEYIECGVYSHQKUYDNRK;TIWJCMNUVHPIEIQHLAJTYQRFFHMMIIH;2017;287
MHU;LMHTZYLJICVM;1993;973
MIVNNKCLGARYGYDQDHLTRSTHIDZYQAZFNOVKTQCO;ADTKLHYHQZFDIMSRUEECXKQKRUDLMZGDTN;1988;922
MJL;JFMJTSDVUHLGYLFHDAZXSWKMGSPQXUKFRCCB;1971;945
MJWNNUZSPQ;JPLHZXBUXXWLUELAUKOATGONWVWLMVP;2004;706
MJYFVTBMVWHQZJQRFBFDXDXGMFKWMLPLKPRLTGXGIB;LZWHIFHDNQUBWBWTCYXWUJMJQHB;1975;672
MJYJNOAQTCYRBZZCYRJBUSMDDVCMJO;GEHLCDIMXUFHCGEQFV;1988;322
MJZSSBXJVOTJVJQCFQPTBZGKETQKITTR;NUGEAJDGZSJEWSQ;2013;517
MMDSIMABARVWXAHMHLUKPZQLTPPMSXLBQRDP;TNPWYOR;2013;721
MNHIGBXYGLMFVGLXOL;TTLDFUROUJREGCEYRAGQQBRSDA;1971;556
MOJUPRAI;QI;2015;201
MOUAOKATAK;RROCLMQDNASSQUYELDMCOZYB;1992;873
MOVAKQVNVA;KCIUTRUVRRUBSVKBHLW;1970;704
MPGIPKUZYJWXXPEXRNGFAIMUVTMHDWQCKCYVHNQSGZYNDQWCPR;CFRAYFEVIBKKXYIVGXPDTIUWKZBKLGVCFA;2018;277
MQAFCNQQJQWLKYWEOKCMNBNZWUYWNM;JUBTSDATNUSZPUOOQRPUVEFAERYNKUX;1998;107
MQHTPFFIOCGIBHKPPTKOOHZSMKHKYOUUDDBFDNINNC;RFKDXHKRNZDCTHSMICKCRPNBHRINWJY;2003;862
MQPCNQNPPOVZWXYMDAFALEGHVJLZDFBNAU;CNOZHUCXT;1998;651
MXBRUGMYPCOANKMOOFRXTSUQOLEXZEFCZGYYQDN;ECAABUIIHRUSYLAZGEFMYXBXMTLMXNXJNXPOLAIUA;2015;74
MXIISNEBPYWSGQSXDJPLWZFMJOOPYYIFVKMWWPG;IISYZWNHXYFVYDFMPDWOMCIUDCNYNDGCNFJITPPM;1971;437
MYIRSICMBUUDPJYCGBPGITQENPWISDNQMEZIVBMKSULFE;Y;1978;992
MZLNLHJMLZIIKHZW;BPMJQKDNHCHBM;1998;317
MZVTEZUIJOQMIIXVYASSDMWOAYFYEZJF;BNJVSNUYKOINLVFAHFHWCQUAG;1987;575
NAHSJCOHXNVSVFXSLPFTYQVPDGNVCRMTWRMFTOD;OJBTSIYAXYYJUEYHSGLFIPIPYCGWFASXWK;1996;593
NAW;YBZDDZDVCEQRLJOAJWLVKRGO;1985;754
NBFNONUSHMVDMPLYKYISJHHVSZHJPFSWWBOLZUMMWRHY;VESXXKSEGKSEFXMUOPWRKVESZEYCQWXLL;1991;953
NDFZAGIWNXGPTQEUQSGGDPPICZRCAIJLMGPLPO;FVPRLELLFARJCENAOVXSJFUBBINRMZEYOQ;1978;709
NDJHTBCZONJKFRQZIKWVNYWPLMMDPRILRHJC;ZSULPNJ;1981;397
NDMOOVQRQUVNZJUXPMTETGLIDSSKSFQWTJNUYRCRXUGLJOHDG;JRHJHGBIVPWSSLTJRNEMTPJHJR;1971;381
NEQGVWESHBUWBMYFDISEGRFLU;TSCDSQFTMPLNGGNSSOM;2008;474
NFNPOELZNJBZOUQGZKIJNDWBCJZSF;GORL;1985;781
NGLSSHITXZGFWAWLYZGKXYSPEKDAR;ZVROOVJFTEGSKJRJ;1973;55
NIMMIGQCRUQJMGWNCYOQNKXBXQTTUXKOLEAB;MEOVXDPTPPATRVYIICZJPTMJ;1986;727
NIN;TQRKETSECCFOCMMYVEEEAGA;1971;66
NJLJKWOMIPKSJE;AKYQQUQGQCCSLRCGSQHVDE;1992;106
NKBGYKFEEU;JUZOQYEYNSXUDFFUNVBOEYRDXYKMQCCQXGYMGVTXLDVFAXN;1992;628
NKJ;CLZXSQBJWIPLOXDERKLGBXGOGNWYUNRNUMFOLBALEZRO;1988;539
NLNWLZJQFMLGENBTJSLOIMAPIH;IEWGTAEJDXNKSIEQZPFS;2002;156
NMDRRXBBMYRFDZLVOOTREVTPJVONLXXFAVGXBPAEN;HFD;2003;137
NMFOWAKLDKHPATERKXKCELRZFVECRKV;PFPGTVUMABXXWAOZMXDGXEXPOPLEOCRYGYREDGAZJFBZBDQ;1985;433
NNCKJOYOZFFKEWTNGXRKRXGTHKKWWPKQBBWWXVDAKNJXET;RCYNSW;1995;460
NNL;MMXFDIFTKIR;2016;997
NNQNAEQEU;EAQKBHHKMFUIVNLWIZRCZYG;2004;84
NOAKUNJRENPBZIEMVVNJNDOZRXKXIFHXJROTZVUU;ZJOKKKFNMICVSVJYEEMQRVMJWCAXHFUOQHWTZAB;2017;440
NPHBWYOS;YTKLP;1970;299
NQB;BUPGJ;1977;467
NQMWILXXZOQFOTPIKPQUDMOMIKPPZHDHFQS;QHKPLFBYZMNIMDLXMJYDAXYJNECXSJJBHIQNVOCD;1986;817
NQWAMBYHHBQJWJWLJ;TUOLBGS;1990;482
NRKIQKRTCQJTANPYLKOGORNN;TTFQDJHQDDEMZFUGRSJKBNZKG;2003;482
NRNNZYCXUUOYGVKYHMJWSIRYYK;USXFTF;2000;425
NSP;NQJXUOMMDHXVMQAQMQRLMELAMTQXQNNYM;1990;528
NVXVAAUSKSZUXDUIECGNZZQPTQOQSV;DIHFYKYYTVKWHJFHVWYPDZMXFV;1993;158
NXDB;BHAJWGVOHTWRVFYMYBQNXZGSFRRJDEXWKKSBDNMETGLMNKLU;1977;981
NXXRTYSGEFUZEVNBJ;EWUGRXNRSFTIBYTFQICOSVVCMRBYJJA;1974;701
NYDDWSSRGAMWLPTEDBNJTBQNOAFJ;HNXYDIRCNWLMCYTSDRWFBTCIZCIB;1983;510
NYLEBERERQRMKAWXRREPWMZHDCAQCNIIZKJLMPQG;TSNUTDANAZRRKXVDYBD;2008;775
NYQAPHLDQBJHQYOLVDYJGVUKMPEUMNCUQZSVCIVDQT;QINSFHVLZMAUZEEOYMUDAK;1991;519
NZQMMQUBUCCXNQXSFSFECFJGCEKVFL;UVYTMAMFEWFY;2003;109
O;LRGTTPIHIXABSHHRAMIDTKPM;2017;154
OAPDVFBUGONBGDIWGLPZGIQXXKARHOHNPCAZK;JYVK;2017;107
OAQREGNVGABVFUUREHXKJTQMWXGXFDQEABZCVXRECDUGY;MOMOKRQWWOIGNLMOKXSJXJWA;1993;662
OARHVXTATCJFPNGSENBVD;BSJNCHO;2004;275
OBNZLYAYHULDZBTDIWXVGQEEMWLVGKINRLPUUJUSHFJ;SPGVBYPIOHASHJ;2008;651
OCGGVIHJHLSIDEWFLXUL;ECIVZOIHQEJUNUIYZCMHJUJ;1992;616
OCKUWGINPMXMWZZCWVVXIM;RARCVWCJWWICHLIQZKGMWNBLMXUITPLIRTQ;2001;997
OEFHCAJWPHFPZHDCMSYMGKDWFAZVUEROAFHEPDGX;KXSB;2013;605
OEKMJWXACQTJHFTCCXIXKUARPQR;PAVLYIIHNIOZTUMOWRGIOCLMQEEURWUDLSUVUCCCCJZOOK;1977;52
OFTELGUFHKCPUCOICBTKRYFRYGJCSABTLHGYOTGOQIJWGJKI;VBCKLCWKRSVIFVETMQRHKPLCEJOITHNT;1971;254
OGCSEOZPSCRHJOTYCZCWMBAAOLSVUBPYLONMWAJGXZG;LSXBTUMILOCLTGCOZGTZIUFUZIMXEEKWNYSBICRFXD;1989;801
OHDVRBNLBLSEENDUBKXAORTEJLRCMCVO;VIXDAQVSSDWWOEDKLQENAFBCFNHWRHDKJCS;2016;912
OHGZZXVSHM;BJLZWIHHCGSIHCSAVAJNMLLFYDJAGCMUJZXAYD;2014;443
OHMNXNVJKJHGIWGCGKOPFUUFSIPAMDQHJZ;DUNSHNRPJBTPSMNOWVVBA;2006;938
OIGFRTZSMUNMJXMJMVGUFZLJKYZYOWHHFRXRUNZASVNHXGLCJG;BWWEAQWORNERTVGXBVWXISJW;1973;416
OIMFRPRCFRSZUUOBLOUIQEGUQARXCMUFKYZUHYGADJRADLRJSQ;GAIRILXCCXVKZBXAENTAPIZ;2011;789
OIZPYFMDLQLWQI;XLEWTZUWBSUVSENEIQWHNEZOJKXHORYESUGDHTJCKQJDFGNR;1975;932
OKLDZSCSFACXFZXFJQOVERS;ZSXTKAQUEHJFCEWCTBFJTPQDLJHEHJOBMARGUQW;1993;507
OOEOQXPPBPMBLXNKEOFMNIUMJCAFCUYVDCUETERQPJJWAK;ATXLGIBYZZKIAJXMBHMKQLWHQNGHLVLZGPP;2015;1
OOJIEGEWBACGBPALOPTOOKENLAZJTTYKWIPEMFSLYOQYRL;FUDZGRVOFNXJ;2009;446
OONPLZRDDVMJCKKQZQFUBFQ;UBDRMOWTXHRKIWLOBHTXIT;2004;839
OPKHOKJZRLALJCRURGVNVEVPPZWFAASPWKXJD;LLTIHSDE;2015;682
OQHZJCVICRJGDN;EHEOVAEB;1996;210
ORXCBAHDCQVHEBCWOLFCMMAPKCVFOANXBKQHXCXAWEQ;IDZEI;1973;759
OTHXGNLIREGBNZABHNVCNPJKXHOWZPSVLCDXXZTUXTWLL;IKRYJJIEHPZDSFDVYILXYMEGDVINBJ;1987;843
OTRAX;WPUVBVPEKCOLVSTNPQBBAWBYURPZFJAYHUYAWFQTM;2000;322
OUJSCPVRWLWAGEXB;NIXGWRAXQBRLCXHVDTTKTMG;2016;238
OUXTBPEVDAVABHEJHGRAQT;WCXGLYOSDIXINIJYNSFEZXIIKTNNSYFRIEQGR;2000;895
OVJKUXQMPYOJVRVZLUFDTIVFWWQTZQFPWDREFDPB;OXNEGAANDEAVFUDCTZAXTLGZQHIJIBSCQYREQEXQHGNMTJZ;2017;408
OVLAQKMNRCOETLWHKYBYLFTAPQUQVDGRJBDKQVNAJSUDMB;ZW;2005;271
OWKACAJMUEPRMDYCMKGOBUZFJAJLRLKXXKFSATVNU;TTJMJDFAFDCXTRSAXUYAEYDWCCBWZ;1985;516
OWLVD;BKEWFEKRCIHHXJEIGUTWIGDBBDXRBWMBRMBVG;1998;346
OWYCNEOVTCHRKVGEEWQIEBOSHTVFEKXQHSQCUEOHWPUDV;NGUIWRJMHUYSHKRCXJABNLKDIKAYVRKALJFK;1985;319
OYEDHOVGNOBRGTLDCRDEUHCSUMYKHYY;DGRXTMPBJBTDUESRRFONTVOLLCGNW;1990;606
OYJVMXDMHASGVRCVIHSYDTHTKBWBSFVT;VUBUNSFSBEQEMOKRQFJDKRGHQQVLU;2017;138
OZMCQMVHTCEXAM;GLTMJTMRCJIVHSYTNWMQQJVMOHFYESQXDVRJGFVGYMHLWDX;1998;529
OZPJMGPCCZZXEHUFXXLGSZ;GDEAVRRHRNVKIBJZDGSUNKLCOCLLHNCJFHDRTTSTEFRPVH;2019;775
OZVGNZBPJLCQJE;QHZSWGNSBVPXWJ;1972;94
PAWLXJDTKKIGOYA;VDDEXFOHBJMRQQRFLGTVZTQLXIBPZOFXYZCSCMZYFEQM;1970;59
PBGJHTNPBPZGFHBYLPGFIZSBGZAS;VNDLTRNIKTTWIRD;1999;27
PBMGWEOWKTCWA;JACYQOWOGZCPZQUJZBJDWFHQRNAULYUKMZXWYE;1987;432
PCGV;MINKIWHNQODMLBN;1975;346
PCOLPKKUCZVEJLGEMBMIAQEITGDHQYWYJONFHSWFPN;ZHMBP;1987;572
PCULALZBPCBOJHPGDFEVBPDYWAIRJAW;PRHSGSNIVTVYFKMIYWCYKSURHEMPACBYCNJMLVWXZPD;2013;551
PDBPXRJRGDRFFAAPJJBRKYCNCNIPMHUFMHJGQEIBWVI;WTIEPMZFGUGGWIOUIPPNFCMDMIXXIUQBG;2008;993
PECTHUZFLRS;CANXEAKQXUSCGSLRARIYZWNBYMEWWMBJXCKEY;2019;143
PEGICNALMRGOKBUJFDYIDBPELL;MYQIUVAUQVXGIXMQVGJSTCONGURTFROAJFCQ;2006;535
PEPQFKEWELYPXDHYPPJMSKY;TYTYHOQWBY;2010;686
PEXFXZJTXINZEAGZM;JIXGXYGVUX;2001;563
PFCPFXSDHTATMEUOKGTQWUOVMRFJCWBTVQJNGYIKNEH;SYWAGMZYYAURITDRXNHCYWI;1991;971
PHZDPKRLCNOZLQXZMCVQFWUYGHFBBUNIQDSFW;KYQNCYJUN;2005;180
PIMYCMXFAPZVBRISYQKIRXEUVSSHYZLJUZKQGHJN;GXZZOARINBITCLUXBTQOTTZUDJDDYBCQBCTKQYKTUNVVFVK;1989;246
PITGMSASDESIUIEKDNPDZRBIAGYANSASFA;VAMHD;1983;8
PJIKVPA;OILFULDVRXLONVKXZECXEPKMZZGXLUAHMJYECSLDJESD;1993;855
PKQACGBPLSNPXJ;UOXVY;2012;289
PNZOIPZWDMKRBHDNTDKVPDELORQCJK;WOQYJVXKHCQPQIABUBQQDOFEHHJTZYQKTDMKAPSPBMYKOY;1987;580
POLVRCZWDE;NOHTIUEZPHZBGOIBVDEVREZUA;1997;83
PPEZZJQIJGUQLNRMLIF;OKZ;1970;712
PPFMAJFHQYUDWTIGBJTMQMDLTCQZGCAIWSWFYRYHC;QINXMRIDXPDPQUNVKWXRYKXTLX;2006;480
PPNSTUIXNDWLYSCEQQPAYCUSGLNI;JZBAUUPJFT;2014;591
PRDEDPYDSFDCHAHNOIWA;YUAPGLAZRSZCVDKELWOCNOQEPABKQFMFZRRYV;1970;271
PRDPVAJSHGZUXUIAXUCFLGAFXQV;PNVXMQZORSQIDPSHWTDFMVTRSOCZAVCWTWDCFKYRWA;1987;832
PSCRPESPQATICIT;MY;2019;569
PSG;ZTDURGODXVAAHGUI;2011;748
PSSPHBNVBCCFZMOYTCECDGZZPGDYDTDXNGDERCNSVR;USMPGBKOHHBNKBCRA;1998;627
PTXMFUHSZSDWPWFOCCULVVLUCKNMMCBVCZSIVIOOOGAOGAR;XOFW;2004;395
PWHJNPRQJUQZJGZAMBYPBJYVGDFMZIIPXBLNMBFQS;JSZOQGXHASLQULBQKLOWXJIEFXRRZWJTIZLPQCBMJNNZ;2002;167
PWUZZEIEGMIZXTAYCFXBMLUJNMDCKYGGZIHG;DVGHZODRMMPTXQUQIEHGHMIMTXBASTMVCAQZAYSBUHHUXVPHWI;1981;675
PYJMBYIQTVVFSICAAYYAZTNORZUYB;SVTTWGOMORLNLYJOTQ;1974;298
Q;BOPPTFISWWQDVKYKOQH;2003;96
Q;KXXEHHPVZGWISJCKROUQYZQDZVNOUQKPGUUJSQQ;2005;512
QAFTUNHJFKLBKXNJJTNPDPLWHG;PXVPOCBVSUYEGOMJWYOCAVMFYHHVNNGOZVJLDKJCHTZXQMQOHY;1988;522
QARPJYFJEISOZEANKPWKNNLOK;TIOZT;1977;219
QAWGYMWDLPLCGGOLHKZVWRIBNRWLQOTFUXAG;LNOKBAORL;1971;129
QAYGTWRXUNNUGTKYFGVSMSKSCINMQJL;FRGEMKOGQVQEHDRCVRKMAPQVDBURJAHMTTYQ;2004;507
QCBITSTTWIZLUCZUHWHMKYEEVEMEDKZWSGUNGBDGJEL;ADXKGQPPEXHLZYDIYCXNAFRVATYH;1990;787
QCBYLQKB;FNFKGPHXBABRGLOUYQPRLRNQWTOTEIGEOKDFW;2014;977
QCFCUBIPOKPTBZIWF;QGTBTBGHZBRWTDYWRQDWAOVS;1973;726
QEDLNGWGOOOUPNEDKSDGPMHHDAQBSQRFPDRSY;EQDSUYVKKJOPLMZDCAKPJVOZIMHXXQHDU;2003;894
QENNGACQGVJLQXZAAGPTQWDBJHRLTAKCYKREC;JAZXWZLJZGYRFVSQPCNWEZGIBBOQQMUVVJNEPTWBWDOX;2012;375
QGUFCWFCCTVFYKIBNODSRHNB;VNRHHXCQXXUWWQJNNYAFGVHZZAFLLAUDSGNDDBVLW;1980;791
QJHFMIMAKBSSUONDSADNFTNDFSTBWDFWT;UDXZDPMTFHKKNQEZFTIORTTFSKWIFWPWAAFXM;1994;474
QJQJUQQNCAHRQEMYXK;TVWOUD;2009;811
QKBXAD;YHHHKZYZWRQIGZ;1976;656
QLFWZJFQVBENLERLKYAWOLVBTYZGEWXCCHSWMWG;WHIUHVQTKJPQZYYHHTXMJF;2009;4
QMAJAGFHZ;LWHTZASNQEOYJBXK;1997;168
QMBDSMBFZTHYUMQUOWLDNO;BNQBW;1995;168
QMCLBMGQIGMLHPSBOMOYEVWFUOFK;AMBWGUQVGINDPXPZUAQAVEQP;2019;396
QMEOQ;IDMVLGDKZPUMONETNWZJUUQQ;1998;914
QNAYXHXXMWWD;UIBYJWURCL;2019;915
QNCSDJSDCXXYRGH;LTVKZDQOWGOLJPDS;2007;571
QNTAISUOKFBRVFPXPMFKJ;JKFIGKNULRXVTVLUKAUANDGWRHGOFCIJFHSWTPSRRZNDTT;2019;597
QNWFQTRQOSXQZRO;DJYRYQKMOCWWHVIXARRG;2008;333
QORQMQLESIXRNERZOOWRV;MKVMHNLCIVWHWZTZRBXJCRTUVTXFKIDXHOAFYESYVIZVOZ;2017;808
QPFWZPGOPVCDMLPVTEWBCVCQ;ISPSSSZHJHUMLCOOTHBZN;2015;182
QPVLHXEEOCMERJMZIUDTSQQOZVEJNRTIBVNJEPFQDSMVS;CFPVNYRRPKEG;2010;428
QQPIEZSTHUWJEHSPEOQXQGZFUZMGTJUYQSGKKVQPIHOJYYY;ASGBYERQNQDUMRVBMDRORQTCGQLDCSAJDOZHVSCKLZUQQJ;1983;201
QSILDAMUTIIB;SBIBVNMTKATEWONR;2011;182
QSKGPPYUURXAU;HVLZHTHAHFCPFJPI;1990;112
QSOTNWYPRYTGOSDFAWSSVGOIONDDTEBSIKIHELHWGQSNWODEZ;GJUGWHWNGWVRBW;1973;944
QTSSQOAOOYIZPCVSVEJJAMBEPKBTZ;ECPKDYKAOPS;1999;25
QVJQKQWHAPAHWEXTJGXWTCKLKDAOXFQKAYCROESDTDLZTHUJQ;OKKPATUTBDJEVVJJOQRBM;1974;982
QVRQUSQSYDYMVPEIBGXFFNOPFYMRMQHU;PNFUZEIHXYXANSPRGGWDYAFAWQGQBTDGFFCEGTPCY;2011;24
QXBZFH;OSSUUSDKPBGUYCXQAHLNUGKWRQSFWCLOWSFRI;2007;545
QXDZWTKLOKGFDWNMWTFZORDSD;ZXFZDKPUFENLQFCPVOYHWJUZSLRRUIBFWMSMZSOT;2007;840
QYJJGTKVLHKVEOULJGZICUCFAKVNEEQAAIZYMXBUQICFVA;LUMQMTBOULUGFDNPRMPKXKSCTUNYOLNKMQVHV;2010;637
QYROKQMJSZJWSDGCOFGLCQGDNDBYPQ;GQCJTSJHQKMVWZEDALKJDVMZGRXOKCHGOALGUQC;2000;572
RCXKXYNJDPEKJVBOJDJLDEZAWSDZVBUIBJ;WAXSTH;1990;182
RDBGAPVAHNRWEZAXRKIDIAUNBXNTSR;FMOESEGPVISLFGAQGEMXKAWPQUBNYQEWTQTCKYINL;1989;642
RDPWKBFXUAUYTHHDHVIUDFFGWOKFIIHVTQJUHYSZHWY;CVACKKTMSCUBZLWESIQWQLWHGFUUSVB;1975;669
RDVSLYHRSEHXZUENMSDPAKEEARMHLFFBPNSHT;MHBZFPQICSBRLPRB;1990;68
RDWROAOCQPKTLMWXWTNUAMQELRWBG;MOZECRZNJKFRVKR;2013;860
REJBSEWQYUVRMTCQMBLFHVJ;NMFJPIVCPRSYDDEEKCYDWERUVIO;1988;843
RFUPTFNPECDOXKLSFPFUQJWCPEWUGKYRDJJO;LRWSZFCRZNFJQFGZMCLNNJNZCSXPPCGHK;2008;883
RGAJLKSQGVEOVDPZSOLSJCOIRGWMEATEIWMUGLJDA;INJBOQVCUCCWOCBETQSQKKOBKGEXYBTZBKUWUOZKCLGCWAQR;1997;648
RHJMRCSURUCSDSKGXBOTWUXHBXVSVAN;VGGJZQXVDKGQYYGMJUXMVGRRPSMNRUICLCIPOMCSIJVJVDFEV;1997;303
RJWIYVTLOVFLFWOANRRBRJRNGCPEQJYKPNQMCJ;YGGFYFMWBCAGLIPHLRIVYLKH;1972;18
RKMCP;UPATKYWRBSUV;1970;198
RKTVBMALNNFJYGXZSNVUOMOZUYPYPLLPS;DGNGFYYUIFINRFHOVD;1996;148
RLHHFHETDLVCDZFKPFKHWGRKIBXGWLOHBLNQCVOVT;VEBYERLKQQBASQGXNVFHBXYETA;1998;890
RLLXVAKTMEVKX;WIGMOQWRFWINHOCDFTJNQAHPBFE;1989;39
RLPUYXNRVRCWLOTEOAZCPGMHTMPYGSSIPGAAWJWYPNJNTFUT;SDIQWQWVBZJ;2015;54
RMGEKZCRVHKICFRXBQUSBENL;GQXOIGYRTUVMAGSQDYZCFIZNMPFHJEUYNL;1989;665
RMYTKYXFODMSSQGFWMUQDSWILNJNI;KDPPXZZYORYLRSPVYOENVPXNUHKCZYFDUMMMZ;1970;448
RNPMCYYBEREGGHXVZMNDREANWQXCDLPSIVBRBAYUUWGULLJDAO;WBBTPLSWOWZXCUKGSHTA;1990;825
RNQYQISVCLPOHQODESTJFUKEJGJEFSCOZVNUIEXPIISATFN;DXUZRNSYVQWVWNDWJODYXPBRWTVPMXCVDGSNNEANN;1973;288
ROMTZCVGZNJJFVCQKZVRNVXHJPEYMPOR;ADUMHWZUTBICKYALTPWBAXITKCWRANULDZXGZVAGVXFHU;2012;653
RORFNEONOLHUQGQXMCFK;SZMKFGUMNONVZMPLZERPJOGXXTNNDFTVJYYZHS;2003;462
ROVA;KYPQFXODOUPGEGNXRZXBVJSWDGHAWCHYHFJFZRPUVNEHH;2016;970
RP;HPONWERX;2018;76
RPUKHKDPZDBMVAJDTZYUGVFHCNFXWBYRDZURWMTSISEWYCFM;BACKXUDVUOKEPSTJFHLY;1991;641
RQDZCBJYPDAUQXHRJRCGCUOECVHVQWLSPIBWCXVDM;SAZMQDLJXJKRZGTOKQENBZM;1997;917
RQWZHIBNORKHZMLBZFHXUNRKLIBVPSZZNOPFGAXZG;EAWPVAPIHOXUUFFBRWHPEVCOQR;2011;625
RRKY;DDJYU;1989;232
RSMTKNFDLKYFKQRVMOCZHPHWTPUMMCQQSJBKAG;DIRUKJSTURTOLOIKES;1993;701
RSSFEKPAGRUEPFFDEQHRZYXYAYXHUKSMLOUDGYEW;LOHNDIAZUGWOYRGCWDEOGZAIFASWWSWPCOMILXIEGXTHKFI;2006;738
RTBYWYFFCVTGTZVGEJZFIEJQGMIXBDPKTZDLYQDWZTCHB;UVHKRNPPCNKVCALNEHAKDNJTRZQAFCUQLPMVFY;1978;31
RTQHFONLKZHFLAX;SPILMBQTOZUSGFWIDXTSEOLRXGDOWMR;1993;388
RTZTZUMUIIOLTYSZGTRTSAZH;FYXPRHOLDJUPDJYHTLFGEICLWUMLABKSMOWNWVHQRMEFUOGVED;2015;879
RUZQYKRXYBAOTUFMTVKPCEZZCZMOCMVRLXCJN;OZNBYUCBZVTKFQQYNNVHEASUYIJWGAVTJCI;2011;587
RWUFOTWULEVFQAM;EPHDALAFCLMIGYADRBUTPRIAJUPONBKNGAERNVFQYLTDTMMO;1981;725
RWUPAYBNQGUDBEWKGWGTOCBLXJECCGQHB;RJM;2001;311
RWXETIUKPSZRSWAJGHZOGRNNTIGGCHNJ;ZLMMVVNTDZQFPVIYRXGNCVODQMXFVHZVIZOP;1997;54
RWYSBERTMBZCCAPSNHJAEXLNCERXFGDHRADWVQKTHIWVFV;EXILTFHULI;2018;468
RYGPSYAXQJJEQRVISUEEUTMBREY;EOZAD;1973;466
RYRTLT;UVXXBPFAWPSJEKXAKSSZD;1989;401
RYSMGTXCFZL;DYCTCOCKMGZVARPFOBGMHPAOJOIQPQTXTUCR;1982;668
RZFYQQHBAXZASLTOBLMCNVCRCRCRZKBYKBNALRZMVFOGFC;NBESAZAYSCXAZVDXFJONDOXRRKPRBZERBI;1987;707
RZGMCWOYZGEOSUBSUBDKH;BSXPKYRPWOAAN;2014;84
RZJCTBUXJPJDGIJYOHWLVKPMQV;RXNQYUHSSJAIEPQLXXZMDFPPSW;1993;204
SA;IQFMLDKQOCBECZKEZYLOLQEMBPIFL;1997;971
SACI;UIVDUHQTEZGBAZRFWFHEITDNRUZVLLHYNRMOGEZEVKMCWPNGF;1975;68
SATKJIDRQYFYVFPERGILBVXUZIQUZPODABTNKBQDDPIBHIK;TSPRFDXEVDVTLIVVKPPPTYIFTOSGGTVBMAJMXFDMWQE;2010;626
SBOGIUQCZFJDVXZTRLMTMLYWRDHLWNLZDQOLICDUHWENAW;MUZWKNXDIWDOAHGPLNONQIZAWVCUECLOAKXCN;2002;276
SBRJMKZBXWTPRSNDIQZSRGAQGDPTKZOOVONJNZNAHZGISCUWPN;KNHDOLMOKMBFSPOPTSXMKA;1976;778
SBUJWVERQNVIZAKO;LBUWXYWXYQSJBCXQ;1970;546
SBZZFLVCETXCQ;HWPQSHLBWHXHG;1988;754
SCACLBAZBAIFRPYUKNBTSKDTEIRB;CUKYNPUGZKUTTERNUXYX;1996;18
SCBWIEUIORFKFOYFDCIMGZJZMLONUPVFOVCURTSFF;LMEIZQFQHXJXMIBLDFPCCJYMXOFNXZPVQGYUAHUBZR;1978;639
SCDROMEHNCPBPMIVEZZHKLQXAPLWUMKPMYCK;FJHH;2009;380
SCRECDIUOWSSJPZCBXRPSNOKMUHWRLVSIK;AAK;2018;823
SDMZMTTJBZWRCWLGOMNBPGGJHJIB;AGGNFEGVQYGTQKZGEVD;2001;797
SDNGISTGJOJUBPMGY;IOEHEOXMIWVPILVOVGSLWOPGBVTVVPDUDLFMU;2008;555
SDYJB;FGVPIFYIDTTG;2011;497
SEWXWNUEQOVZYHQFJXQMZVKWMO;QILBNTCVCZVJKUETXCKNHXRFZQSXPP;2011;623
SEYZWVMVRNNMZXLBOFDGRQRQC;GTVDCYLTFPGGPKRVPMKCQNBLCOEDPT;1977;813
SFDYJNSYWXKSNOZRTGGWOAAYHUTKGXYMXUZNUEKNYYK;UXGBJGFCPMMBWRYZUQWVESTOIZDU;2009;757
SGAKQFCKOIIXQEOGZXGQYSMPZXUXHB;OCGKXXJGZMXSJIAVIXGIT;1983;870
SGGXDORKVMVQE;GIHCYFQZVADTDFYEMFQVYNBDLRQHVAPG;1993;573
SGMRCFZQAWQRDRMRHVKNXQGLBAXCPYXWS;JYJGRURNYJGPAOSBXRKDIKC;1976;631
SGNVJEQFGXSCFHTQWSKLQ;VWKPTCMSOROXSNPEEJNHYICPKHJNAVYHFDYVLQUXIZMK;2005;150
SGYTGPQPSYKLNXUZRBZMRPFJHCPGNG;CMXMKCT;2014;718
SHCSGUVAKGSLUIIXBXFYICUPYCXFYXFAZG;WAUZCWFTKMFESDUHCFJSRTCQIJHOHITLPPLFXHQSZFOSOF;1971;581
SHEGNIOJKJUBCGRNZPKZNWNNUIOATNXLZPIOUZQ;TUONNGFPADQVVDIITJAOISGCDYIMABDOAOJARWMAUQYSPYNOP;1971;742
SHHTIFXICKOBIXBBDUZVNGQIAGGC;LS;2001;426
SJKAIVCCEOBARCHKMICWRSVNAEYTNZ;XUFXQNLTHGLBDJVSJAPAJ;2014;103
SJLV;ADLKNCEPJRR;2011;855
SJXVIBUZOZNUNFCIVUXRCZWWWYILFXIJGDNZJIK;FKMUMMR;1997;380
SKBADNNXNPQBGLCSGDKQJT;OGACFPRVCCZIHLLG;1972;543
SL;UYKEWMBQIUXKNLNERCVOLYXNLIVZAWZCHKFHBGCWNOALJJGXP;1993;809
SLLYYZKWRSVRDTSGTADINPGBPC;IDEASEKBIVUUIMAHQKXSGJZHMUVDPZDXEIKWNWXR;2018;143
SLRDEXUPSXUHACPTTDYFAQWCGP;MPPCIIDGZFVGQVZEEMWWAZSTQOCWVNTDNAQYBCFRMNZ;1982;945
SLYVRAQYZKIYIAWCMDRL;KDFN;1973;678
SNFXNAAPJGOFWENNPRNFDTXTYUBBXQEMUFZDJAXUJDXFZ;PSOVGUWANDTBBZEGQTZEDCA;1990;874
SNLCWNNDAEFG;SFDVHP;1993;422
SODPTPVJWTGDDNDBYQFFXMHIZZRQZRFWP;KSMFRMUKGJBLZHLGWBSCROPURMVXGMD;1997;794
SOKDFKYCHMUVE;ZJSVHRREGEGDNBJKVXRKTTHDKJKWUQKZH;1970;116
SONQDGBNPZLERQOOVEIBTUAKB;WRNFWNSZWGDUGNUQFBKOOQPOWBPUFJLHOBDWXAD;1998;491
SOTNIGGIV;DKPQSKWWOIRIPGXYORHTICW;2003;950
SOUFZNNEEDEDAVDWCQXNQXNPKTAFGOQUNJVDZAJCKMBL;TFGCBAOWUDNMUUXN;2003;270
SPCZDVLLRSVBBSJUTJOM;XUTXRKONKDOPIILQMOWBTOBOXWZZJPOYBY;2015;692
SQTUNYRVXXACPIJCVLFETCVTLCWEVVWQVYUHNI;MSGXA;2001;871
SQYXSVTXXPUMMYMXVPRIXQQPTUTCTWGLXXZQQBKTDTBXJL;AGDJGUMPMUEKMRCX;2009;660
STL;IUPSFZKIXEVKJGVRBQVJQZYHYGUHJJGUXHZYPLWIIR;2017;616
SWPTFVOVUJIUWBMIBRUCTTMRVZNJRCHJ;ESZSIPPQMOTJHKUDNVQZBKATNEFULGEXKTRMHDDA;1978;727
SXJVKVDAKRYFBMGHYSDUOJHHDWUABKWAWYMRDRCVEWVHWISB;VDEGFGWFZFPIG;2008;755
SYCXZT;MDLNVHANQVS;1980;491
SYVYRQPIZTEUOXGTHFXSMXJRWPSURSGWTHHILGDHZF;LTHMOEVLWLRXPWPZHSVBFZVTVHWYCFZNMAOMA;1996;569
SZDG;FWGRNTUYLEXOYHKDXZZKFDMSGLOGMUZBMOMFRQ;1981;297
TA;FAPAGYIEJPRZDBZNVXZXGUFSPGKXES;1994;205
TBCRKLIWCXKGOQVUFYOGVFRNYMO;HTSGBBDHLSICUTFMMJOUTFVEXDCZSCH;2011;167
TBEHDCJJQRXRQBTELLISCXAHEQ;WMVOFCGJHXIRBJHTEPODUTWSFTVYDDTQVMVLKNOQXOP;1970;855
TBKBOBNFLHMEKCJVDPFITTSFVDEYPTZQSOUXQZUOPABMJHMTTK;QBZ;1991;262
TBQLSEYYFUOYNDQVIFRMGIMORDOCAO;KZGWUZJSPHCNQDYRIJJIFWRZUTYCDM;1995;634
TBUUOIZPVUIMAOZNRU;OYPNDWCVRGSDMBSH;1991;281
TBXKOQVBMKSCSCCQJVDZSOMXQYW;DIDECILZMQYAKAVHEBIHEBPXWREKWCHJFHEKSHWNOBKHUFD;1978;756
TCANCHXSSJLUHLYOEBCGNSQFZXXWGLIUE;TVQUITIVYHZPXCDJWIKF;1977;587
TCGUZFJQROPEZAQXAHEIFMUNFXDAXVSZWHVTJYZ;FQHTEVBUDJK;1974;448
TCMONXLY;YVONMINRIGNJGFUIFEKLVYWJL;2009;980
TDAMQKOBZYAAUPNRTYXRDYGNPHFFFOWBZPJFMKKD;LOPLNAKXJHBNDS;2014;413
TDLJVXQPFME;NVRRTI;1979;617
TDRQELXFVCFBBJJYFSVKVS;YWXTEYYQDHXWJHIUDGHYXYOXBSCE;2010;560
THML;WRBUVDUNVDXVYTFOKQQKGPKMSSVQKUMPODGNZGPS;2012;207
TJBHOIDGANQIBHEY;QRTFQ;1978;790
TJKAKKQVKACQSYQXPNTKUPFDJROEBVZFRKPMTFQ;BGOGBLFPTDHARVVKSKFWHXNPOFGLGQKMINCLMPWER;2006;465
TJTPNYVGXXCUHKRHR;XYQNYNIGCRDNIIWKF;1998;694
TKRLKJAPYMUZRPHZLCEPAYTFAVEO;JTTKNRSP;1981;428
TLMCJVRQLOHVZXWAIPJWIVMNVQJ;RRKAKLCXGDCGTFOXKPJMRCIXNSDOLJZXHPPXLLZWWSMZTOLXGL;1987;326
TMM;KCPQKT;1997;574
TMODGBYQKVNWUFLUDNKLPRYOWHXUGERDPAJMEHZDWBLPRFUHEF;EKZDEZUFUGRZFCOATRSNPURODW;2008;242
TMYMHYSOICWUOHFEREBEACAZUVJOXYIPMSGUFJIW;WWWQKNNRMQMJCCPAOWAZFEURGPBFRYEDQJR;2000;161
TNQHRVPXWPUWFKFRIHSUQGJOUMMBXDBCGRAU;RRHH;1988;204
TOFAZIJPIOB;NOTHWYSOKZFTFYQQFQPFPUWWWVSRUIZL;2002;146
TOJVCJSPGDJHVHXZD;VUXAESF;1970;242
TPZHWLIOCOLSVAHWZEZGRZJTGYAVBABFNJKBJXTRDHPBCNLN;QDRNOM;2003;302
TQAJCVZIZCCUXS;NDMKFYIZPDXYVTPAGE;1976;115
TQDLKMADVXEAPRQVSDOEIUCVUCTITPMRQFZBINDGP;UABGGLYZXOMOPTNDZDAB;2003;934
TQLVUVKZYIDSAPBXYGNXBVM;ZABILYWKEYTDMBDRJPMRVQLBXZTVLUKAMYLDZGDDIUJ;2011;661
TQXJXLKEKPRVLZMFZHYEKTGSALCFG;RXHBXWLSACHZXMJSAGTAQUGDDXQYYSRFCQ;2001;818
TSAZJRRHEHSRESFCZWAZWOKCDCIBNYBNWYDHISLJSXTV;PVYZRFQKLPKSQRRFPVIANDFS;1975;730
TSDDIPAOHLEKZPAILBSQAOWXDBLELMUDHDAPTRCLNZXHKNTETA;VHNAXWCXBSLYBQBSXMTFETENRROGMXXYRMBVRHFWKLA;1993;733
TSSI;CC;2003;331
TSUCQZZFFSKDO;LUOPBZ;1972;410
TUECP;G;1976;716
TV;LUTDDADSWNNMJQYQKUUPWKAEQIRVMATEAF;1982;7
TXDRNKLSMDUSKVUTKFIUBZY;BKMZDNDOSIYHTYAVOXHTAPYEKTUATPRWSKXZCZNFDIUEHUWY;2013;900
TXHVBBVXNNGDHKKSQNTBOKVDUCNMENPQKXDLKDPXW;AOFD;1995;823
TXKCWEAGYDMHRPYQUIMWRBVEZZV;ANCUEJVMWGSFFVOWDLRYINXFIWFHTLDYTYGQKXRWDVRKCO;1983;564
TYHVMBDTYBAEOLJB;FUZZZILCXFJCAXAZOVIZJILFQG;2006;179
TYMKKTDBNOXWTTGEEQIMLHCZTCTY;LVWAAJIQUGTAOQMEMJLHGOXPRU;2011;509
TZIFAWFTZQGEMNHPQYICTMOYFPCVKCAODAKJACQAUZYOWD;KXGLLISAAMBOVJKDQRKDORJFNYGHHH;2001;712
TZLNQPZAGHSBJWZCFGASMUOHHOHSDYUYZPYLVPRNFEQMTLTF;XWKLOUWFMSZMGERSZCHAOEEBCVYATGAJTNTRUJKUIXZVW;1982;662
UAHCTLSIMHJPZNHLNLPJBOGYLMBOSTEA;GJITBASYGZOGKQAVYPCQPKTJFUNHZBNIB;2003;184
UCOQZARFZIQFHMJGCUDHPUGZSDCCD;EPRSEGXILMQXCKVZMUSOIZYP;2003;999
UERUSDBNEFNZTRQPSOEXSUEXHGRYFDPXCWAVLXTO;KYOPOCVGUFILAPZKNYMVXYCHPANHLMLKWHUTLYYEXLFDSF;1980;448
UGGAZMNUPBPKMSZDBNOFAJLJBROERTESEFXNIPPEWOXVKZDNR;DFWYIJFZSHTEPEJVTZNHVPFHATICQJESFYHNIDZHV;1988;272
UGTOFVRJIOWIKGBCHZLPHYMNYFUGICCGJLORYIYVFDCZU;ACFRMIPABYDXKGCJHOJXPVTUSTZL;1971;268
UHIOJEWKWUZBJZGVBDXMZSGAYCJDYQNQFKJMSAGRGFNIV;IRMTWHY;1980;72
UJFINZYHCEJCJOJONHGUSTQJFNECOLOC;WFYGKIV;1991;507
UJSHEYAVYRSPLMKSQGBLOPLTFGJIZZIISDAIQNYDMDNPLF;TANVIUYMPTICTWDUPIVSHVKAHCI;1995;381
ULQFUOXVTNYJFCBPSWRFXKVDQKY;JCZKBUDAVWXFEKJMQWVBTIJPQWNC;1985;506
UMA;ULFFDBN;1981;434
UMSQOYKIIDFWFXYAAAYMOIVFHJLRWYAXAWGEURBRNB;KHJNCYLCQMSSYGHWDVAEQJKZMHIYDLXDJOHNSCGHBTUSW;1981;98
UNAKHWRKTLSUXBXWLVZZNZHBTVKRAFLREXSRRFCNRIBFRQI;FKPLQLNAF;1988;236
UNAMHUCMMNRGLZJWXKRCJKBWWBWTZVSDXJPB;DACEGKQJM;2012;454
UOIAPJF;ARCFLHKIMOVFABMNELEMVHUGSCUYRTKECKSDJDDLDUADC;1998;65
UOZL;SUUCYCDCMVEHIMTCPZGXXMWYBDFPVJAOUZNVYA;1983;455
UQEUYRCUDQHYY;HCZYHRCXOUEX;1975;273
UQUOVPPPZLLBQYPDOYKJHOMRVLYAPVNHBYBDYRUXHJAS;QIKNNMIIDIDASGYZUQUQXOFNTO;2019;944
URSPCKCSPAFIDUXDZECWPKNLQWYQCZOZS;HFZQWQHDGMMVYHBKQRJDTNKIZNGYBUZOTXWXOVLSDL;1983;609
URVYYKUJNUGJAFDUTWPLPEFBRKRZEEUTLFBCVCOWWD;JHRGPFDGQ;2008;938
UTWJPBHHEYSPVPBFXQJC;CIOMTJOYQZBYDQFDLZIPVRMPUEBNHPFQSNCLNPW;2000;868
UUJHQGCVQSNVFCEFYBQEDQRHGIWQZXQXNHVGMOBN;LEKUISWDLFBVLNXVJDJHVJCNGCEFFHFYEYPDPYXFNSOIXGRHXO;1987;366
UV;PNBJUWQCXUNKDMSUMEQSKOFJUBDLZWDMHDVDDDOMFCLOUH;2017;234
UWMGBTLWKCWQPLLHOCVHDL;KNUVJYMALJSFJDOGXHLPRLJ;2006;618
UXDVQHNKWXGYBWFLMFGQSFAJUQKSBHPNBNZQAVGY;JWHBCKJGEIYNXHXIGPRILNOEETELLBNPBRCKWOLWO;1991;264
UXIJUBNGDGZYEFIIDBDWTIAYVFOUDWHFXARKANZFNGEUOLAI;AVRRXOH;2009;518
UXTIEWTBVVZMMVPSLEWCGNLAQCWXKCTUNVXMBYSDRGXW;SQVUXPVOBJNNNFRFEIXXHATTMLNTUNRRSURWYGJJRTWOBST;1970;53
UZFJYZEZHVRJCDBR;IIEFOWKFYHZOPTXSWDYZIVGPLNUAGWEOPL;1975;627
UZSQNNLWPPW;OWZXSGYJIAYPFUTNHETHJHHRQDZRUKGYIIFSXSJJGBESY;1988;358
VAINLJGDPICNTDPSBPBYTRGZEBUQ;NOPCXWZDOJWMBUHBZKAUMDBJQPUDHWJXTRRSSOVOXHOMDDSL;1988;325
VAJKHFJGR;OAIMSODNSNJYGUFGEPQPWWEGKHSGAGALXUFGWQRXJEX;1973;344
VAVYUJWMKICGLZDXRSPUQLHJ;WBAXTOIMJKDYIHDXHJRG;2019;713
VBEFLWLPBHYFFHBAVHFUAHLINDJDFPE;ILNHIIULLT;2002;538
VDZLECVDKLCPSGYYXGXPWRHPIHSLNPCNY;KGVWREGIWKETLPPEIRRWZGHMKTBANHF;1970;838
VDZXGBHFZJQEVZDJUSPWUMMURBMG;DKPFYTEPVRWQIBHIJCQIRVOPKDUJ;2005;408
VENJIQCYKUKZUHKUFWBUBVQQYUPQHORRZCJHYF;EWKUSBKAIJKWDQGPARODCEFXR;1970;558
VHLXGUBXTWOMQQOTDBOEFFDQAGKWVQAAGBGYXFUPEIXESNW;NLOMLBIIA;1972;660
VIVOTBJNQKRZUVONPLFJFDWOOVMYAKHUWJVWMRVOOOSZFJK;XEMLWAKBOKOXLHBQXDCLPMYYHEJBAJPHYNUFTBPKELET;2012;788
VJK;OLBGRMJIFGNAQPWZGHWYTOMIJZBFUDQOXM;1977;577
VKHVWNVEMHMCZBADVOPEMTLPSHWWUYQHQVAXXEQ;UIKQWHZBUKAUPZUJROOLAULKABPORPSDTYP;2010;946
VLFPRWY;JSKZYBXEJCQAQJOW;1998;978
VLNAYPGRZRYRUMYIYUKFAQDGNH;WMBFITZCQJZSLZPHRCJJEVQFTXMT;2018;292
VLQRMHJCSZFRZPSF;ADBFZRWMOHSCFWYGAVZJAOXRDILPOMOISJJSWFDYY;2018;447
VMUSKMQQKWOQVLHMGMLPUIKJXYPQLKLCRVVSXVKXRPBSBZ;KFZTDME;1970;911
VNBRIMZ;NGKARRBQXMFBYQA;1979;969
VNXQUEZXKUGROOHRHUDIDGVHTJHYEZKYH;TRERPTISIZXHR;1974;989
VOJLWICIVSPFKORDSUHRLZUIVXA;RNYIDCQOJZHEFXGAYRYTAEYQRJUVVWNLPJUZRY;1976;102
VOWPGWMOOQRLNTGRRT;IONEMYRD;1979;862
VPZPKOJOGFOYXFIAVYGPSVQTBCLKVAISW;DTZJWOP;1984;439
VQLJUNIIVAOGVW;JJPIPZRASLRJZSWBDRSQNDLTWBRRLILDHGARROXYAJLIULENS;2013;176
VRMZOOQDAGJCSEXMPJTLVFMU;MHPZIYNVCIKDVVUOTXJRAHJY;2014;294
VSWWATZAVMMOYISLVEXRMLIOBTXVYKZMLNQLLAHEX;WVNHSQSQXOSCZPFDT;1999;568
VTBMXOLAPGQWRSNPIHLKGOYUXIUWULRHQYDPTECBSFQDJJP;EIQFXKGJTOEPF;2016;608
VTHMPOAQYDDQRXNVKIYADVLOYEMCYC;YFDXKMTUHEVOIXRWLMXWGCNOYZMMYOVRTEPQTIB;1970;748
VTPBDOHVLZMIOVRIWKBH;LXETWAXIDIBGVHRGUZMDFM;1997;564
VTUEZNXPYDXQNSIEK;LADDITZQ;2009;769
VUOLSPRJPFHUIYNHHAQ;EXYJCPWGOWQINRIJVHGB;2005;772
VVIZTCBDOQJHVEIGVEKKFKZNCNKYVOGUWPIIKTAJDJNTSGIECR;ILWNCNKIJCAPBYQUXVEJECI;2005;719
VWFCPMKSGSARBMSCAHERRWXSRCEPY;JGDSVYOCW;1978;972
VZA;IUYBPUQEFEIJCKOPMTJQBICKMAAMEIZJIQR;1984;402
VZEHLRRW;SNXIQOLNFSSDSUIUEVJTWWQGKCSCVSCDAB;2013;490
VZHTQBKDBMVHBSNJBTVJTQNBCHIWFUQLZSMX;EWFQUUHTAINKEB;2017;921
VZSJJMIFUCEIKMHKLICGATGNVADCUNLUUB;RVHXP;1990;430
WBIYQPVTVZSYHWCRBNIOUQNJWINSH;XDWMDWEEWRUCGNFIJBKDPRY;2007;306
WCQ;GVEW;1994;442
WCWKX;JLUUYXFUATZFLYFKPRYUJALIT;1971;125
WCWWDOXHA;OBFRDPFLPCAMWSYE;2016;152
WDJDOKNX;HTXRPRXZNXIOSBR;2016;334
WEGVFJZBDWKBEVKGDWUBTJVTOQOTHGGTDRDOLGJMFUB;SDWELPDJMMBPDUPZVTVJXYDKDNCUGGHONU;1983;869
WGSBKUWNPGNSFVRNHJWXYMLVDRYLAYPDCJII;VUIGVVJXVQDNZUDMCLKZSYIPATTKWBEMOQEVQSS;1986;738
WHFDHNQPRRFJKWAWCLV;RJOOXSSFEPSFAAUDMFCFEWRYBYWHJFWDMQAESOVREQSEDCSLM;1993;589
WIXBIHLFYMUKHOIQKWQDTF;TQRDXRJYH;1973;660
WJF;IJHIUEVUHQOAFLQFMMEULNHCRDLRQPICSWDDCRSPRCSUHC;2007;352
WJFWFLLIRMETRVJFFGKSTVJKFJZIFYDLIMLBCIKXUQH;QSRRFDCF;2003;213
WJTWUENIJOUANPPUMMPEWSPNVS;JWPOK;1991;740
WKLSQEXAWCOFGXITZHNFYLBIOEVCRGCFFOK;SASDSKEEAUNBWAKUUVDFELJPELLJYTKN;1971;654
WLFKFFR;EWGKEKFGRCYVZSAHPSZOBRIXWXKPICLQLJTKVNBIMPDKYEB;1976;981
WLUEHQFRNCFKPYSQLHLANROCCWZLIKUMOYYOKHAOKILPEEMN;LWFHLMWUMCLZYSTOXJRSOQ;1982;556
WMBDKQKVGEIBTZCUTVZJTFMKBLCYPFOVNGW;NKQHHW;1974;758
WMEV;WZGCFRNFJJEPSY;1979;435
WMWWPSMISMAOROGRGJILCWJEXIMKJYJJRRQMT;ERIUECFPNCCMYFGJGSOWRFTJQARUUNXYJ;2000;324
WNCZFKEYQJTWNRPSFNWEPPHZLZEXPZAKCRFJZAYVIP;NTXPRODMSENWOPFREVCFWMZ;1996;964
WNP;UDBLPRZLSRWXOCCSLUTWQZSQTIJV;1980;49
WPGEKDLQBBJCRXNNWPZMKOCNYWQMXDPTLTNVYTRZGRJFKPIEM;RWLSJFCGDWXRMDWZUX;2017;820
WPNTHICYQZHFBZQGAMBAQWCGAFDLBSXFZXXYNSKVBAY;PRWRPRADMCSSWPLCXVZZBUXMHGYZZ;1979;61
WQLNLXTCHEGBBXC;OALNBIPOH;2008;531
WREFWPWHNALSSEMZQGMYMNFEBBO;GDNLVHCYOZVRNCXDGNULPFDXFHNSM;2014;424
WRHRVYZRLRGFDGEQ;RUYAQDSJGMFJHBFIIZGIXX;2010;500
WRSXGYWFNHCBKPMESUPMTRVIPFBKTBWZFAH;LUKDIAOHQJHRAGLGRIYKLDKDFRDRXJST;1975;815
WSOQPEIWFIHYVKJCWKHULCEKIDVZTCBXPSWHCGWMTBGEMS;RHMXPGHFSFMGRXJDXZQFP;1982;568
WSTYNDAKUOOJZRISACPRJGOJPWADLBIOQJSJLQPOTCWIHUQT;FILYBU;1971;263
WUGTUESHXMGZVSRMCIFBVRAS;DVFUYURLVURNWRAMCADU;2017;96
WUWKRKTPIWPMSHR;LOHNEREHWECCPTOVPSFHFFOBCVTQR;1995;76
WVTUHZAYNPMPWCBVAGN;NIWAZJRNHEVTABDPKWZTL;1995;559
WWMINHPLXGXWULGXHLMSBZRQUAJUAXPDPSMWIWXXDVIP;BMCGBRRVKUPTANLZOSCTFNYSZKLRNZRKUXYJ;1998;938
WXMKPWFNCUFCUPSPCFMSYHDXFWKVHFJA;RDURDPPCQQXTPYFXADCTJQTLG;2001;734
WXWTC;LCOB;1988;923
WXWTOFQYIDWCUNTTMXGGRHPQORJB;HLQDZBSSRZMTFXNNJYEHBJPNMMMW;1982;233
WYHTRSAEQITO;RSXFKRBKYYCSHYXUXTEHDUJG;2016;223
WYMPVGSPAJDIG;URMMPNZWRMAURKRKZTJOIHSGYEUUJYRXZHJHYIHGIWGCCE;1997;910
WZLALQFCLQQWEXMPCMCYCFYGUXCVNLZWSIBCHLJWOMFA;MZRWREXBVRBTUEEHIZWAEJAIOISFXMVTQGAPJYREDYMKLPX;1998;18
WZQGRMXYTRSYITULWMJLRBAQFEK;QALTVRUKFVRB;2000;986
X;YQWRTTSNMDZNDHWGPRGOZKQWYBNAJFGRCVTMBYGSA;1993;921
XBYLUNBGJAGGZYRFXDTUBZQCQVHSIKBR;WIWUINNFVPLGXTUQWPMYQXCACIICDPRELAZHPXAXUHTN;1995;415
XCAEGXYRZGTJWFAQFRZOOFHYORSLACWMMOYR;EITIKIUXPRZNKLWLMZBOIAEVDVKKIAUALCUPFKUCUOZFEUPHOH;2010;352
XCETWSEWRHZBMLN;LKSEZEUNAMHDYPBQSPEJZHCJXTBBLRVAKDSQDJTKJTSOML;1985;300
XCVYWH;WDSALFJCLXRHBLUJXHDLKLRLGLQWPAFNATY;2014;924
XDBNPCSCPXWKJZFWKLHYAKBYGFWCPGBCBYKY;BBDN;1972;464
XDFFMCBJZJVDFNWYGCRBYZCUINSORETZALYDELNEDSKNHP;TAQYXUBXQBTXTVACGQJTVXHEEQBROSFWIOCIAEM;2013;286
XDOAGPAQQNVHBMOVZAEZFR;BNWBJ;1993;438
XEUKZFBDGLZCVVUGNLJZFFYJXLSDGFVPXF;HRGMXDQUWMQEPALEEKURDHWJCVKAEYSQEGFRCMLSMOEDQZGYO;2005;683
XEWBCIPANSCEGLIUUQVBUJRIYVFDKXDWKPVWNUHTRW;GBPKRBZCTXLUDVYCRPZMAPI;1970;698
XFGUOXHDVVTKBVLCXQVANEBHJZSRRQDODL;AELJGGZMPGBG;2009;493
XFLNTFWEODQJAIXBMBAVBTVKXIPEIXKAFBKVTQR;TZKDERNNONXIHHBUBCJ;1992;735
XGTTQZSRXTTATFWBFNMHCCFHSTXNT;PHLZVRWFACNAJSWRQQJYIBDLTQVSOIVXLYBXBRWWGQACLX;1984;709
XHALLBBEEMPAWCXUQGLFKXWYXUALAYYIUCJVGVV;CRJKGIREZNUQRQCIBNBKE;2011;438
XJSEAMI;XVVHLVYZFFXXENXWPFNCKWARIA;1976;379
XLATEOBSBRY;FHUKIHCYHDZJJDYVT;1995;660
XLGIOKDRIWSRHVMWUUKKM;GKVBMIVTDZSAXKGYGVUZJXHRMTQQMSCXIAHHAHELEIKYTAGZEI;2007;626
XLVTHDZMKONVOWNVVYLUI;BHDOTQFJIAZEZGPYVFOWBDTOK;1993;215
XLYTSKPBOITZVNLSLPLTMEHKFJHD;QAHEEUODUVJSSSJTDXEQFIIKECJTYDOTAIRYQWZQVCHFXVVIAQ;1985;767
XMLAZZUGKUOEVIUINZFWUHUMBSGSUGIHVFF;OCSONUNRANQTZCADVTESDVRDPROZPRBXNOLGKLJLTQXTGVDZGG;1974;776
XNBMJWZUZPLFZDIVTOWPFPOLEVPYRLFVCWFBDTMVS;BDXEZULTSMEKWQIKQSKEKZOHYXDKEXJYRJIRJAMFF;2007;986
XNEPLOLRYCCRVNDTIKIH;AFCUZMEHODZWYYKBFZCLYYCMSJHZNENBJKGXNWZNHYRDEKHLK;1987;676
XNKIATKPVUJKWMPCL;UKDCFIXWTILNGEWDNRUSILBKDWCJASIDYVLFTXOLOTKJSSFLUC;2011;233
XNVXBZRXCWDHG;JRCNGSSBBKFTJJMWXZOGEKEHOIKVDMXCMCADYWPGEZLIX;1990;136
XOEIFBXCGJINTKTHXRNNUAGUNRPNNNYVNLHAV;VKYRHJHYJMLFRXQIWSXZUDREMWSMRR;2005;999
XPAQTFNT;ALSVFDJETYSMKGFDQJZ;1989;350
XQNAEDHTCFUXRCWRDJPEDJXRVAURYPE;SQFVEWFQSADRKFLMZOCEGFYBAEVPYFYZINXBOHXXBEWVRRCQGF;1971;208
XQXEVIVCTJVCRSWDSUXLZHBKYDAUQWDRKYDAIZLQWEDY;AOPRZPZVYQFOOULGX;2002;541
XQZNQTQJEVMWMWSXNCWXZGKHTWWNTHWRUHBS;BYHTCSSAJIIDRKJDAJRVKYGTKEJITTMIRJEHJGSCKXLHQEZY;2019;464
XRNSAQWXTBFTQSNPAVYTODPJDPVYQXKSUVZWZT;XIPVWOQLNKAEQMARVXUMKRNJCOKVFKTQJDCUGBIDV;1981;318
XRYKRZQXFCTCHJPXCQWNWCFZNZRGDKKOL;JKQLXOSQZMYNMHEMHWPPVNWNWWHUZCQXMKHGFDJGBPOOHRMT;1980;843
XSCMBMFHCKATRGWKLXXQ;LJONYBSENWCHKIURG;2017;637
XSVZHSYZBDUWSLFZYAIWFNC;GWBEDWDQHBKTRGAMMNMKGTUMAITRXWCMGMSYZIV;1983;280
XSWACPFDABCRGAZXHUWSWNLJCURTHQBFI;VMH;2018;821
XSWBOLUGTXZGGRRBPGQRWWNVCCCCZVDALZGYTWEVLD;CMQU;1987;130
XTBIMLULXQSWMTNNRVUYDSUWWSHNRFAGDOVULNWOCLGBYLLR;WUTGBGYKAFQT;2001;312
XTERNPKXFWCBRXZA;XPDOTRSLHUTJ;1993;690
XTHQJUPOUSDBNCZVSUNPYLZYSVCPQMXJPPOPWGGCB;VHOJYGTOJNMZTNYUJRPFVVBUONQUPRPGMKTUIBSI;2012;654
XUBKRHOXZXKRPQFOUGXLPDELIMHTAQRKZLUPINCEXZLUDI;DHAXCQCFNXELVB;1976;834
XVAKAIEJUHCGXWTODJLGQCJRVIH;NXFOQJLWARAPBFZELJDARZRLATLXZJVSGHKJMLRXOSGVJPIPY;2003;125
XVCMPCCSXVIUO;IMIW;2014;337
XVJRNGCSONHTLBNTKWZZYNNIMMKSMWOPFYVUSMF;FQKOOBAKMDSBROOKETEKHWQHAHEESSKXGVNYIQFROZXI;2014;427
XVJVWWKASYMWIAMMKEMPNJQCAELFYYVPYMRGUJZATFSNHTNIW;IAZLZYNKMWBCRUJPDZQSGQLAOMTKVBHGFSEI;2004;832
XVWGSTSDPXTIMVWRY;QHMNIUSRPETYEZNUEMIEBHLGQTVQIWCTAELVMNVAHC;1970;880
XWLCQZIWVCHDSYNKHDNCJVBKK;SWMABZJDQESBFL;2008;454
XWPNMVCSFEWWAFIDZ;XOFYWZOWCVFAPZUCLTLZGJJLVPPUCELW;1988;104
XYFITPBIZFIJEMIEMCMICRUQKBD;KYNWNOIFBHIUIVCFXAFZPMQFBGBRLVK;2009;826
XYFRM;EPYOOBNIYVOKXDNUSVNQQQRPIMTW;1980;849
XYQJJASKTSWCNFTVGQFPXHKQSPYAPRGW;COKXRIMBOVVHVRKRBTVEEZOUSTFVAMBEKSKXJBOUTPCD;1987;48
XYYDVUIGFATJNINYYQPFNLZPSPAWMSPZORIYVCHI;DIFOGNRJKOCALWJHDFZB;1997;664
XZRNQIWHVDKYQBVXHXMMUIDMHJKRCEZFNSALQCZW;QBDSDEUELWKXNVIBJQSJCRBPLNDVRUQCCWTGPOFNAO;1971;787
Y;LIXLAXXTOLHGLVWXKYVUL;2015;69
Y;NSUOZHAPFSYTKV;1991;913
Y;NZPOYIKMAFFUVIOUT;2011;294
YCOUIERTLPBJCSXQLGYGLMVLY;RNKVNEHRJSTZFLVYAHORKTKM;1980;55
YCWBHWYUDSKHZTZZGQULFT;UCUMUZXFALMJJHOIBQHZGVBJA;1990;64
YDQDTXQZXUIEOQSCXOJATNBYU;XQXDNKPGQHLIBTPKYGHVJNKRVXGDJYS;1994;63
YDSAWNGVYNTFAHWJXWVQDYKNHFMBBZLDWIHBAGA;KPNIPLKSQNWCOJTKGQQSMAGYKHXFFNYTNCTWZSMIBEFQOUGX;2013;539
YDXADYT;YIZIPDCWQPZTWIESAIZ;2019;217
YFIMQTAPXLDNHBXQHAHJSZZRRIUEL;ULPVM;1985;121
YFOO;LXXQBAPCMRMGHRKMBOPOMLMDCKNIOKGCBSZKK;1987;932
YFORVESPPHLUEJHKGOTYZ;WHILZB;1981;286
YGUNPABOUJVIRELEHLGECTNAZVQPSOUUBCPYFIKGQT;QRCOPNNPKUNKKCPOENVPK;2017;992
YHVMV;HURKBHFWDIGRIFFQFAKQXBXUCBWBASCAJSOKLSBNBOSZ;2012;47
YIEGFHFZKEHIVVWCCLTYVWCKNQYQPQXEAV;WTHTDKJMR;1985;196
YIRDWOSWGKAAKXLTCPDOEUDIAIU;QQERBFKNDVQQTTVIDCZJ;1993;801
YISJLDKKWQFDIKVJPQYWBIQNKND;TWBNEIAPJHITZBXNNK;1997;129
YKZMUCWWPDYJVCTVF;NHJAQWOTZQBLHMRFZF;2019;699
YLBIBQTNBTFH;IQZUMEILRVKXFMAPLZFRKVAD;1975;936
YPBQSMZWOVXXAAFEBO;ASYCVOMAGQZCUVVRV;1988;698
YRLE;BAFWHQMLEBYELSDQDFATMYKLFEWBIJOSRCLFGQCCWUJ;2019;738
YSTPKLZLIVFHVSJTKZMNKABBAL;TQTROZAMUI;1991;694
YTZYWLWBZPGVUNXNVPJANTJJAWJBXPUHBQW;OGVSALZLRVOQLDTDYJTHYUISKV;2018;219
YUKFSRMQJSWXHFUJLBJZGGRER;DXMKWIUDAPFLPVVQLNCWKZYUBXRQOGRNIYNUGRH;2013;510
YVWBJFDFFAETIGRWYYCRAUDCKSXPCS;SYFWYZEPCMN;2000;726
Z;DRWRWCDT;2016;296
ZBQZQPGNHOBDUWB;AQVIOUHHDENOWZYX;1984;536
ZCJVXWDLUKKBHEYHAGCXYSQSELZVPROCTE;KFMBLTFNTTISPVYLUOMZKYSRNWTVSUDHJNCWUVIYIPX;2013;213
ZCMANMERGMDNEUJJCRBYMBXDLZMAKIHDSGKJDCISMRTOSGLH;GCBVDFCAORLYZXUBZDNCKAFUZKU;2016;80
ZCXCMVOYQHBNSXMSJPOUSSYUARTTGPFA;LLYVLVDDABMYGROWYUYHNYJOFMW;2013;673
ZDSTXZJPXIQIJYCCRVXHXYZ;IMOTHQQAQOEADCISDZRMCPOAUFLWKMEAUU;2019;871
ZDZMZQEJ;IRN;1998;192
ZEBNLIGKJFSWCXWCUJWHEPDBSGTFFKBYKEUHNFZNGKPMV;FQMFSTQHPFMCPMFDCDCCMODLQJQGWJOFNUQNPMHDV;2012;329
ZEGKWUTIYP;VRSPZOTKDBIDWWYGOWWQHNZFJQHFGIMWJGRJVQSPOOSLAQKXZE;2008;115
ZEKITFQNPLYGWYMYNWGRUANEJFDMGPXVZC;PSPRLREEHNGPASKTHGQWULBAV;2014;126
ZFABL;QQEVCPCJPMJHPUACSIASPTSKQYHITA;1971;983
ZFKHAPWDOIPGWNZELTHPUQHMKBMGLFBWIKMBYUSPFMCMAKI;HBECPBYNGHMUZZYQQHPWFIJJFWZUTEQSIONYUOMR;1994;920
ZHCHIJXNWSIRWKCFHTOLYBBZZUOETPVJHWM;NPN;2015;460
ZHQNVHZL;PCKVISPLDIYTIBQDVCLFD;1975;456
ZHSBNAVCVDWKZQASVLTFGSRZRQFHMXGNUYNIWIZKNCLSQJ;QIMOJWXBETPDVAZKQKIAPFOMBQFBHGPEXTAHKGOEFPVE;1994;388
ZIOXAUWZKJZHZDFWDSVWYX;ZMSHGHTLFSPJHCGFASDVWJGPLBQZJBBLLFHNHECBJSNT;1988;970
ZLYKGUJPZKICCFMHIHBUFLKTVITMPDWVAJ;XPVOVCUPGSFQKC;2007;613
ZMAUXNFNDXDUOMFIOARXNRVRUBFUPMRJIAQNPY;OARRONNEZVUUDMNLTMSGDBFMJ;2000;957
ZMMSSJAEQMCJEMMNXMFLPZADFEGAZDMHWGLG;SKADWASOF;2003;264
ZMYLJNITBIBSHBIMHILRUONGNXBHWZSCKTOVUXMGSSQ;SKCUWDHCWQAHGNRZKPJWNEN;2012;737
ZNGYOFCVZBJDKAKUOVQBBIOOMNPFSPLLJKMCIFVUVYYYGRADI;ZRBFUQCRNRDZIQGQLCAVOFGPPBQOWWMOUMVUKNJVMPSSDEKQN;1985;126
ZNSXNJRIEZNZFMHHBHPQSWHDSNPWJRVNGGMGPBOAIAXNGQIB;PKGFLQLETAQBYNU;1971;617
ZOBUCOOZQLPPQFEXKOUETNLHYEZAZXQ;BGMRGFWZBAIRTBZDCLBDJNVMJFAPR;2003;603
ZPLHQAKBMMVAFQYXJYE;BHQUFQQXVLLVMTZHFMB;2003;235
ZPZTCZGSEWLCJDDNALVXJFFYUIYWTERVNMDIPJRLIQ;JUNZICKWUSZOJHAAOINBHWVJROHZHSQWIJGDK;1972;329
ZQBMLQRZTONEOFXBUWPUPCLXIKXUMGYKWTBESXKV;FKVXJWHDRUKWHURSIQPIKUYNRZUZUKQEMXUWFCHCSLBMNTOR;2018;366
ZRCYAWWSXHGEJMMUNOLBV;HZZAXWUYAQBR;2007;263
ZRULNSNJHRNKFQBERGGLVKGRMTZIQCMRQNBURDKWL;LEIWTBOGAWQNQOGLTJZAVIHIVDPVSRRMOGOPWAYTSSAFKUEQDJ;2006;785
ZSBXFFQTRUKNAOLAFREJL;JGGNNLBPDLLVA;2015;852
ZUYSRXAWDP;XBPZURPRCJVSPTBKJMCNVASAJVPWW;1987;298
ZVANXPEEAWLXXOKSLLLKAEPFM;DS;2018;503
ZVLEYGDE;PVDS;1983;903
ZWUZAWJTLZGZAMJWGPDBEBVUWJNVPOSAQADMQWXHS;NH;2008;973
ZXFYZPDMYYPARLXGITENWPKTQOVTZENTRWHZVPBF;OUPXXGTTDGOT;1992;529
ZXXAYWMVYKPW;VDIRJMSSZGABDVXILMGQAQLXFIMF;1984;514
ZYJZJEYF;ZBVCALBCVASBIKJTNNACIWPVFPHQOCGIJFXDOA;2001;597
ZYPIROCYYUCCLQZCXT;WBQYUIPXARRBPHNZWKBCLGBVOCYUZU;1978;912
ZZXEQCJXAZHDSRTENOIJYMGFNLNKSPFBLDOYYIIGELTTUKLB;KLNYKOLDYPKZZZAMTUHECMJWURWWQIVFBVARDLJYNCCSVUEJ;1988;731
